symbol,open,high,low,close,volume
Bitstamp:BTCUSD,34300.19,34380.21,32193.7,33141.38,4750.12315608
Bitstamp:BTCUSD,33110.32,34736.1,32333.01,33532.74,8374.05662032
Bitstamp:BTCUSD,33497.16,36008.67,33431.67,35522.16,7225.86501969
Bitstamp:BTCUSD,35496.91,37732.87,35382.45,37691.63,8777.33287657
Bitstamp:BTCUSD,37693.0,38748.52,36197.65,36996.32,11762.80234811
Bitstamp:BTCUSD,36984.28,38359.69,36618.36,38320.0,5211.97488137
Bitstamp:BTCUSD,38320.0,41025.48,38230.81,39282.1,8635.66020711
Bitstamp:BTCUSD,39274.8,39727.44,37412.93,38858.39,5973.24016085
Bitstamp:BTCUSD,38870.36,46712.12,38050.97,46416.45,19053.71343569
Bitstamp:BTCUSD,46445.51,48216.09,45000.0,46505.2,12505.08248337
Bitstamp:BTCUSD,46493.9,47364.09,43746.06,44854.63,9483.3289564
Bitstamp:BTCUSD,44854.63,48696.84,44040.96,47981.48,9390.81635484
Bitstamp:BTCUSD,48044.88,49000.0,46231.16,47395.84,5970.13590277
Bitstamp:BTCUSD,47424.25,48220.0,46133.0,47228.48,4271.67215148
Bitstamp:BTCUSD,47258.66,49714.66,47081.02,48662.5,5201.6939256
Bitstamp:BTCUSD,48620.48,49048.82,45914.75,47942.57,6922.00560598
Bitstamp:BTCUSD,47954.05,50602.53,47036.02,49166.53,8376.07608814
Bitstamp:BTCUSD,49136.7,52640.0,48896.19,52174.28,9571.64796874
Bitstamp:BTCUSD,52141.23,52566.98,50869.61,51579.54,6330.14291878
Bitstamp:BTCUSD,51560.46,56399.99,50627.32,55988.58,9229.78250415
Bitstamp:BTCUSD,56000.59,57553.81,54000.0,55936.04,5187.25046252
Bitstamp:BTCUSD,55919.75,58354.14,55537.99,57492.91,3562.96950963
Bitstamp:BTCUSD,57485.74,57564.19,47400.0,54173.65,17002.83273081
Bitstamp:BTCUSD,54173.64,54196.58,44845.72,48887.93,17766.39814895
Bitstamp:BTCUSD,48927.33,51459.51,47000.0,49754.0,8774.36674339
Bitstamp:BTCUSD,49715.13,52079.16,46723.0,47088.58,7920.69294708
Bitstamp:BTCUSD,47070.18,48476.62,44151.97,46314.83,8126.22740854
Bitstamp:BTCUSD,46324.15,48365.31,45050.0,46109.98,3071.56836645
Bitstamp:BTCUSD,46142.1,46659.88,43021.0,45240.96,6668.91811403
Bitstamp:BTCUSD,45261.56,49831.52,45020.25,49629.33,8512.7594378
Bitstamp:BTCUSD,49641.89,50250.0,47069.52,48516.35,4945.78880692
Bitstamp:BTCUSD,48438.0,52652.82,48168.45,50379.68,6151.4871525
Bitstamp:BTCUSD,50376.05,51817.54,47500.0,48360.5,5641.61213573
Bitstamp:BTCUSD,48353.09,49471.24,46294.0,48739.21,5219.24690875
Bitstamp:BTCUSD,48774.67,49200.0,47082.29,48904.63,2141.06029528
Bitstamp:BTCUSD,48933.12,51477.53,48933.12,50967.3,2818.44991057
Bitstamp:BTCUSD,50952.55,52427.8,49316.98,52427.8,4419.56113432
Bitstamp:BTCUSD,52427.8,54939.26,51857.0,54929.02,5428.89224399
Bitstamp:BTCUSD,54927.29,57402.89,53010.0,55852.29,6916.27818124
Bitstamp:BTCUSD,55918.09,58155.99,54269.0,57772.09,6640.48776529
Bitstamp:BTCUSD,57847.92,58098.5,55011.0,57271.04,5232.31057076
Bitstamp:BTCUSD,57297.67,61781.83,56080.96,61165.19,6187.83400169
Bitstamp:BTCUSD,61177.03,61700.0,58959.57,59016.39,3274.12215493
Bitstamp:BTCUSD,58956.9,60595.13,54555.0,55644.37,7725.21404982
Bitstamp:BTCUSD,55616.42,56950.0,53221.0,56908.34,7733.22669474
Bitstamp:BTCUSD,56928.38,58968.8,54124.0,58901.8,5840.07702599
Bitstamp:BTCUSD,58939.73,60083.25,57000.0,57648.05,5516.46389423
Bitstamp:BTCUSD,57648.01,59450.95,56279.34,58072.0,3523.48233151
Bitstamp:BTCUSD,58029.94,59957.0,57815.61,58138.39,2382.94564802
Bitstamp:BTCUSD,58072.87,58632.52,55500.0,57381.79,3628.79780904
Bitstamp:BTCUSD,57410.54,58461.78,53715.0,54070.92,6566.96696309
Bitstamp:BTCUSD,54117.71,55866.44,52933.03,54361.57,4996.46365198
Bitstamp:BTCUSD,54360.07,57207.33,51638.76,52287.52,6866.97994376
Bitstamp:BTCUSD,52281.77,53271.59,50360.0,51326.11,6682.61740401
Bitstamp:BTCUSD,51292.65,55114.86,51263.38,55081.37,4874.25111496
Bitstamp:BTCUSD,55081.26,56686.15,53948.35,55839.42,2609.96757961
Bitstamp:BTCUSD,55817.85,56573.04,54677.51,55790.92,2073.4491914
Bitstamp:BTCUSD,55790.28,58402.68,54892.42,57600.1,5362.21834836
Bitstamp:BTCUSD,57623.66,59388.66,57011.0,58760.59,3392.33861916
Bitstamp:BTCUSD,58767.75,59816.17,56713.45,58782.58,4595.25252072
Bitstamp:BTCUSD,58789.96,59490.0,57935.42,58728.53,2786.57778688
Bitstamp:BTCUSD,58744.0,60103.04,58450.0,59003.6,2564.6000207
Bitstamp:BTCUSD,58967.61,59801.39,56922.0,57064.42,1663.26835296
Bitstamp:BTCUSD,57064.13,58501.0,56466.25,58212.18,1440.63181986
Bitstamp:BTCUSD,58213.69,59280.0,56800.0,59125.0,2402.43713513
Bitstamp:BTCUSD,59135.36,59473.9,57216.0,58018.3,2711.39784733
Bitstamp:BTCUSD,58024.9,58668.0,55441.93,55932.83,5454.57661606
Bitstamp:BTCUSD,55912.38,58145.49,55680.4,58096.6,4586.80685854
Bitstamp:BTCUSD,58066.18,58890.25,57657.43,58109.56,2660.64809651
Bitstamp:BTCUSD,58129.02,61222.22,57870.0,59766.93,3917.95081704
Bitstamp:BTCUSD,59773.19,60679.0,59165.15,59979.26,1822.72044967
Bitstamp:BTCUSD,59972.26,61234.56,59361.11,59831.66,3707.43645474
Bitstamp:BTCUSD,59814.87,63769.0,59780.0,63564.48,5709.6716825
Bitstamp:BTCUSD,63605.69,64895.22,61327.0,62986.09,6002.89354304
Bitstamp:BTCUSD,62954.2,63855.37,61998.9,63239.19,3433.44934498
Bitstamp:BTCUSD,63247.24,63580.4,60042.04,61436.24,5778.81668659
Bitstamp:BTCUSD,61436.23,62596.48,59676.67,60032.29,3091.48365756
Bitstamp:BTCUSD,60048.82,60433.81,51541.16,56280.6,12869.85937399
Bitstamp:BTCUSD,56260.83,57633.0,54252.88,55694.55,5791.23906226
Bitstamp:BTCUSD,55694.55,57119.0,53400.0,56503.19,5863.88283884
Bitstamp:BTCUSD,56493.02,56850.0,53628.79,53806.24,4578.25708723
Bitstamp:BTCUSD,53823.48,55491.8,50450.01,51683.95,7838.86768185
Bitstamp:BTCUSD,51693.98,52131.34,47555.0,51176.65,11649.31918465
Bitstamp:BTCUSD,51177.77,51227.38,48713.34,50118.94,3445.13658315
Bitstamp:BTCUSD,50126.34,50608.94,47004.2,49128.43,4167.43570798
Bitstamp:BTCUSD,49122.75,54404.78,48823.01,54073.41,6046.79682802
Bitstamp:BTCUSD,54015.32,55519.37,53325.75,55091.39,4111.12521596
Bitstamp:BTCUSD,55094.73,56500.0,53811.49,54901.97,4542.50992013
Bitstamp:BTCUSD,54898.45,55239.33,52379.9,53593.97,4172.67670698
Bitstamp:BTCUSD,53585.93,58008.0,53087.15,57775.27,4809.18204712
Bitstamp:BTCUSD,57790.66,58549.0,57049.63,57851.91,2248.55545142
Bitstamp:BTCUSD,57893.01,57967.01,56064.51,56622.66,1887.08427188
Bitstamp:BTCUSD,56599.91,59000.0,56500.0,57222.37,3636.51735676
Bitstamp:BTCUSD,57227.64,57250.85,53080.69,53236.84,5747.19401914
Bitstamp:BTCUSD,53221.75,57976.62,52924.5,57509.93,5504.55788108
Bitstamp:BTCUSD,57517.08,58420.83,55283.0,56447.39,5144.23317131
Bitstamp:BTCUSD,56425.82,58743.85,55288.11,57381.73,4234.70954424
Bitstamp:BTCUSD,57371.02,59564.24,56977.5,58984.75,2928.99345356
Bitstamp:BTCUSD,58964.89,59300.62,56256.0,58305.24,2589.62561937
Bitstamp:BTCUSD,58336.16,59603.0,53500.0,55880.72,6589.4271403
Bitstamp:BTCUSD,55854.43,56972.33,54500.0,56763.7,4203.16906929
Bitstamp:BTCUSD,56763.7,58021.26,48530.0,49386.56,6367.35410217
Bitstamp:BTCUSD,49419.44,51420.72,45700.0,49694.96,9096.38363317
Bitstamp:BTCUSD,49711.64,51572.0,48875.69,49880.43,4011.0819038
Bitstamp:BTCUSD,49883.89,50710.93,46448.53,46708.89,3613.92837843
Bitstamp:BTCUSD,46753.4,49800.0,43769.4,46444.75,5750.08326356
Bitstamp:BTCUSD,46446.42,46648.5,42100.0,43593.39,12262.72268102
Bitstamp:BTCUSD,43581.27,45872.05,42023.69,42877.75,6275.91387222
Bitstamp:BTCUSD,42900.85,43601.63,30066.0,36780.43,32468.86397019
Bitstamp:BTCUSD,36793.39,43000.0,35000.0,40640.9,14703.03041947
Bitstamp:BTCUSD,40566.13,42297.89,33520.0,37335.16,13106.84060164
Bitstamp:BTCUSD,37318.43,38887.99,35260.0,37500.54,5720.00562166
Bitstamp:BTCUSD,37474.34,38311.74,31107.46,34706.79,9376.29208573
Bitstamp:BTCUSD,34735.35,39960.0,34426.21,38839.86,10213.18324641
Bitstamp:BTCUSD,38848.36,40000.0,36486.85,38397.72,5765.3472603
Bitstamp:BTCUSD,38385.87,40904.0,37859.74,39309.56,4205.61283515
Bitstamp:BTCUSD,39299.46,40429.47,37212.9,38503.47,4113.43820958
Bitstamp:BTCUSD,38578.5,38905.12,34710.23,35692.46,6167.02059154
Bitstamp:BTCUSD,35691.36,37348.01,33650.0,34632.08,4457.16762006
Bitstamp:BTCUSD,34644.09,36516.99,33425.0,35677.72,2979.71977699
Bitstamp:BTCUSD,35675.3,37540.96,34195.2,37341.41,4383.79233382
Bitstamp:BTCUSD,37279.89,37927.44,35699.98,36693.3,4348.7544836
Bitstamp:BTCUSD,36693.3,38256.3,35933.19,37589.36,4270.10341121
Bitstamp:BTCUSD,37585.12,39490.0,37176.06,39219.88,4058.94293164
Bitstamp:BTCUSD,39242.94,39277.36,35576.67,36887.32,5786.18608707
Bitstamp:BTCUSD,36851.58,37927.93,34849.65,35532.14,4106.34880652
Bitstamp:BTCUSD,35532.59,36510.58,35250.0,35808.85,2526.73361997
Bitstamp:BTCUSD,35810.69,36808.3,33321.09,33582.62,4913.04022502
Bitstamp:BTCUSD,33567.51,34085.61,31025.0,33411.69,9044.64846998
Bitstamp:BTCUSD,33413.19,37556.25,32423.72,37400.0,8539.5873422
Bitstamp:BTCUSD,37414.64,38446.24,35824.69,36707.54,5761.7248874
Bitstamp:BTCUSD,36724.97,37680.65,35958.49,37341.11,3741.23051559
Bitstamp:BTCUSD,37338.91,37445.55,34630.0,35542.76,3727.9523535
Bitstamp:BTCUSD,35563.66,39386.43,34783.9,39013.76,3601.91766642
Bitstamp:BTCUSD,39035.52,41050.0,38758.4,40532.79,6281.28059699
Bitstamp:BTCUSD,40544.19,41341.57,39526.47,40171.47,4078.8019744
Bitstamp:BTCUSD,40166.93,40506.59,38095.41,38353.99,4008.51296381
Bitstamp:BTCUSD,38361.38,39553.05,37350.0,38097.68,3569.2526164
Bitstamp:BTCUSD,38110.25,38208.68,35143.68,35840.0,4240.40486721
Bitstamp:BTCUSD,35849.18,36440.0,34718.21,35507.06,3129.33472247
Bitstamp:BTCUSD,35494.7,36125.0,33337.0,35589.77,3958.11811992
Bitstamp:BTCUSD,35598.66,35763.8,31238.69,31634.16,8580.06222043
Bitstamp:BTCUSD,31628.83,33315.85,28600.0,32545.26,9778.51694548
Bitstamp:BTCUSD,32547.57,35000.0,31670.89,33652.28,5855.58129399
Bitstamp:BTCUSD,33693.99,35289.0,32314.37,34649.32,4725.82718452
Bitstamp:BTCUSD,34652.68,35517.22,31271.02,31597.75,5099.26353351
Bitstamp:BTCUSD,31595.95,32714.46,30082.79,32269.38,3300.16005776
Bitstamp:BTCUSD,32293.98,34772.94,32015.82,34699.5,3260.56534452
Bitstamp:BTCUSD,34716.02,35357.13,33878.23,34487.11,3369.99371686
Bitstamp:BTCUSD,34494.42,36623.79,34240.0,35907.93,3179.50783988
Bitstamp:BTCUSD,35900.05,36099.82,34049.36,35037.23,3381.0453953
Bitstamp:BTCUSD,35059.71,35071.34,32700.88,33564.21,3118.76325902
Bitstamp:BTCUSD,33537.11,33981.51,32700.05,33811.56,2086.83881625
Bitstamp:BTCUSD,33810.46,34959.72,33333.1,34688.3,1244.49692391
Bitstamp:BTCUSD,34672.08,35960.0,34404.29,35289.21,1204.00371528
Bitstamp:BTCUSD,35255.0,35258.7,33143.0,33704.21,2254.35340918
Bitstamp:BTCUSD,33730.76,35100.49,33510.58,34244.09,2386.50511711
Bitstamp:BTCUSD,34231.95,35059.02,33800.0,33882.47,1540.04244824
Bitstamp:BTCUSD,33858.33,33943.02,32101.0,32898.79,2945.85492495
Bitstamp:BTCUSD,32892.94,34115.44,32285.73,33826.43,1636.57507041
Bitstamp:BTCUSD,33830.73,34261.04,33014.21,33517.6,1442.42483187
Bitstamp:BTCUSD,33521.48,34635.82,33335.49,34258.53,1635.01765874
Bitstamp:BTCUSD,34266.84,34677.0,32660.0,33105.0,1879.53733471
Bitstamp:BTCUSD,33091.53,33340.0,32190.0,32728.0,1870.57403303
Bitstamp:BTCUSD,32737.56,33111.72,31589.35,32823.55,2753.09806091
Bitstamp:BTCUSD,32818.68,33179.0,31121.57,31848.65,2470.21303625
Bitstamp:BTCUSD,31885.7,32264.53,31012.93,31388.17,1912.46866725
Bitstamp:BTCUSD,31376.3,31950.0,31176.66,31529.68,1550.07201059
Bitstamp:BTCUSD,31509.33,32440.98,31100.0,31776.65,1256.54606075
Bitstamp:BTCUSD,31794.49,31881.71,30400.0,30829.29,2506.27744084
Bitstamp:BTCUSD,30822.08,31068.62,29296.39,29786.58,3413.24206454
Bitstamp:BTCUSD,29792.99,32875.42,29500.0,32138.45,4842.16399723
Bitstamp:BTCUSD,32115.82,32609.83,31703.15,32300.88,2392.46948134
Bitstamp:BTCUSD,32306.98,33684.17,32000.0,33684.17,1976.38421775
Bitstamp:BTCUSD,33685.0,34534.32,33419.31,34301.78,1440.46627864
Bitstamp:BTCUSD,34301.86,35448.97,33874.03,35428.28,2063.49425027
Bitstamp:BTCUSD,35438.93,40581.3,35282.7,37291.24,8840.39875048
Bitstamp:BTCUSD,37271.44,39539.5,36386.19,39475.41,5896.66715588
Bitstamp:BTCUSD,39446.94,40927.53,38786.8,40036.32,3943.47800378
Bitstamp:BTCUSD,40024.8,40662.8,39239.95,40037.51,2306.03838571
Bitstamp:BTCUSD,40045.21,42335.5,38331.37,42234.89,3651.71579023
Bitstamp:BTCUSD,42236.72,42411.32,41007.51,41490.13,1507.86822076
Bitstamp:BTCUSD,41489.16,42614.85,39424.27,39839.0,2042.01706796
Bitstamp:BTCUSD,39875.2,40459.31,38687.62,39165.55,2407.96526999
Bitstamp:BTCUSD,39157.52,39792.83,37639.0,38177.07,3279.64493738
Bitstamp:BTCUSD,38173.75,39973.94,37481.0,39741.12,4080.83535873
Bitstamp:BTCUSD,39742.77,41401.96,37300.0,40894.67,5804.4070686
Bitstamp:BTCUSD,40893.77,43381.0,39879.47,42856.59,2937.38483944
Bitstamp:BTCUSD,42857.09,44763.14,42251.0,44612.94,4886.93838098
Bitstamp:BTCUSD,44624.4,45355.0,43298.84,43858.42,3647.1306298
Bitstamp:BTCUSD,43836.05,46529.02,42811.26,46292.89,4961.57748106
Bitstamp:BTCUSD,46282.3,46759.0,44643.0,45609.7,2390.08850832
Bitstamp:BTCUSD,45596.21,46787.6,45353.02,45539.85,2606.12636675
Bitstamp:BTCUSD,45536.8,46236.7,43800.02,44444.45,2463.50628392
Bitstamp:BTCUSD,44413.35,47929.18,44253.97,47860.58,2934.74203072
Bitstamp:BTCUSD,47855.0,48190.0,46000.0,47119.73,1908.95141153
Bitstamp:BTCUSD,47130.97,47424.0,45500.27,47028.3,1726.79198617
Bitstamp:BTCUSD,47024.96,48075.22,45654.14,45930.51,2410.15099528
Bitstamp:BTCUSD,45930.48,47183.37,44417.51,44694.35,3286.2732645
Bitstamp:BTCUSD,44631.47,46041.62,44218.73,44721.13,2247.93415783
Bitstamp:BTCUSD,44734.16,47114.99,43935.54,46764.3,2776.2376849
Bitstamp:BTCUSD,46759.29,49436.1,46645.77,49356.0,2815.55159523
Bitstamp:BTCUSD,49332.31,49833.02,48300.0,48884.34,1765.28821609
Bitstamp:BTCUSD,48883.84,49540.01,48080.17,49301.86,985.76533304
Bitstamp:BTCUSD,49296.71,50562.11,49010.0,49561.37,2419.86814706
Bitstamp:BTCUSD,49516.08,49893.5,47593.66,47731.33,2217.80305724
Bitstamp:BTCUSD,47670.8,49273.93,47100.0,49011.75,1902.72053396
Bitstamp:BTCUSD,49022.39,49387.6,46309.33,46856.29,2091.1098261
Bitstamp:BTCUSD,46857.86,49187.0,46363.0,49100.49,1943.55725598
Bitstamp:BTCUSD,49100.49,49325.0,48244.88,48935.36,692.70588551
Bitstamp:BTCUSD,48947.1,49666.0,47798.29,48808.72,1044.48189034
Bitstamp:BTCUSD,48782.56,48915.29,46855.41,47003.44,1676.48255108
Bitstamp:BTCUSD,46969.05,48270.33,46699.0,47156.09,2239.1677032
Bitstamp:BTCUSD,47118.02,49134.0,46532.42,48853.49,2194.6300788
Bitstamp:BTCUSD,48830.93,50390.0,48625.0,49274.79,2267.93197524
Bitstamp:BTCUSD,49284.93,51050.0,48351.6,50025.04,2226.78294854
Bitstamp:BTCUSD,50033.5,50570.94,49388.26,49943.16,869.28839285
Bitstamp:BTCUSD,49965.32,51900.0,49500.0,51809.28,986.487083
Bitstamp:BTCUSD,51809.28,52810.0,51024.32,52708.2,2057.29046392
Bitstamp:BTCUSD,52719.43,52956.47,42900.01,46866.82,6811.92218815
Bitstamp:BTCUSD,46894.3,47386.72,44436.93,46091.94,3309.09834404
Bitstamp:BTCUSD,46070.43,47419.95,45550.0,46392.81,2595.98696952
Bitstamp:BTCUSD,46368.11,47029.08,44125.0,44857.38,2392.57110617
Bitstamp:BTCUSD,44858.2,45993.32,44767.75,45176.66,906.80620376
Bitstamp:BTCUSD,45162.96,46491.63,44752.96,46035.0,1015.76215832
Bitstamp:BTCUSD,46039.42,46895.82,43400.0,44974.34,2308.42207379
Bitstamp:BTCUSD,44983.77,47273.38,44704.18,47103.18,1643.95662405
Bitstamp:BTCUSD,47123.81,48465.77,46702.26,48150.94,1307.24871087
Bitstamp:BTCUSD,48188.12,48505.0,47035.0,47760.64,1886.04173385
Bitstamp:BTCUSD,47773.44,48179.0,46712.14,47305.18,1558.52317573
Bitstamp:BTCUSD,47316.21,48834.0,47052.9,48326.74,1452.50623073
Bitstamp:BTCUSD,48307.05,48389.52,46860.0,47245.25,999.59599085
Bitstamp:BTCUSD,47257.86,47334.54,42453.97,43035.99,4240.48541968
Bitstamp:BTCUSD,43003.07,43643.34,39573.21,40596.54,5961.58790269
Bitstamp:BTCUSD,40702.07,44031.85,40580.18,43589.53,3040.94514066
Bitstamp:BTCUSD,43586.0,45013.17,43105.0,44903.5,2317.75578384
Bitstamp:BTCUSD,44893.7,45159.9,40693.27,42848.5,4348.92828394
Bitstamp:BTCUSD,42835.88,43010.69,41689.6,42722.19,879.19677382
Bitstamp:BTCUSD,42699.1,43956.38,40808.0,43204.73,1659.78466242
Bitstamp:BTCUSD,43162.82,44377.7,42130.0,42189.81,1936.64957217
Bitstamp:BTCUSD,42154.87,42778.93,40888.0,41049.0,2246.85357977
Bitstamp:BTCUSD,41024.21,42595.93,40750.0,41542.9,1804.77808474
Bitstamp:BTCUSD,41537.56,44117.74,41427.87,43834.43,2614.50420927
Bitstamp:BTCUSD,43835.47,48500.0,43291.07,48171.86,3446.87226506
Bitstamp:BTCUSD,48185.61,48361.83,47468.15,47685.8,1361.84402667
Bitstamp:BTCUSD,47644.63,49225.55,47119.87,48235.93,1164.6029687
Bitstamp:BTCUSD,48231.04,49530.53,46900.0,49242.14,2737.81353315
Bitstamp:BTCUSD,49283.89,51914.68,49075.0,51501.19,2206.59644303
Bitstamp:BTCUSD,51521.89,55800.0,50428.64,55345.79,4441.90271751
Bitstamp:BTCUSD,55360.1,55360.32,53289.57,53787.6,2349.70121453
Bitstamp:BTCUSD,53816.16,56168.0,53623.02,53957.21,2217.75513685
Bitstamp:BTCUSD,53952.82,55512.05,53674.69,54976.92,1061.02324334
Bitstamp:BTCUSD,54984.49,56561.0,54129.43,54714.95,1735.42193508
Bitstamp:BTCUSD,54657.0,57855.79,54462.45,57485.2,1955.78560334
Bitstamp:BTCUSD,57490.0,57701.0,53909.0,55995.49,3224.83970306
Bitstamp:BTCUSD,56004.61,57773.89,54231.0,57374.55,3359.69683046
Bitstamp:BTCUSD,57395.84,58550.0,56830.56,57371.58,1879.45401231
Bitstamp:BTCUSD,57370.48,62944.94,56877.0,61657.35,4205.4230703
Bitstamp:BTCUSD,61703.45,62352.0,60100.27,60870.26,1263.44800176
Bitstamp:BTCUSD,60885.27,61712.0,58933.0,61538.97,1261.12996084
Bitstamp:BTCUSD,61519.52,62679.0,59013.0,62034.65,5754.5518416
Bitstamp:BTCUSD,62014.99,64499.0,61350.0,64241.61,3253.73979225
Bitstamp:BTCUSD,64282.2,67016.5,63529.0,65990.31,3070.68430005
Bitstamp:BTCUSD,66027.81,66664.1,61850.0,62219.44,3891.52853281
Bitstamp:BTCUSD,62207.51,63757.28,59953.74,60702.68,3159.42528548
Bitstamp:BTCUSD,60698.54,61737.38,59633.61,61338.76,1056.07965827
Bitstamp:BTCUSD,61306.64,61497.33,59510.0,60910.16,1204.84773547
Bitstamp:BTCUSD,60883.96,63733.93,60670.0,63101.43,1730.14621615
Bitstamp:BTCUSD,63101.43,63299.3,59830.0,60328.22,1965.54522515
Bitstamp:BTCUSD,60331.4,61489.0,58100.01,58465.9,3467.97204992
Bitstamp:BTCUSD,58471.06,62524.0,56425.0,60592.76,3769.75506439
Bitstamp:BTCUSD,60608.95,62971.54,60154.53,62301.59,3884.64236172
Bitstamp:BTCUSD,62278.92,62376.32,60660.02,61932.3,1542.31917477
Bitstamp:BTCUSD,61904.96,62438.85,60000.0,61359.44,1548.12901591
Bitstamp:BTCUSD,61356.57,62500.0,59500.0,60922.85,2507.39797107
Bitstamp:BTCUSD,60949.78,64300.0,60669.91,63260.0,3336.52681752
Bitstamp:BTCUSD,63260.0,63567.21,60018.46,62930.72,2148.47086339
Bitstamp:BTCUSD,62945.38,63136.82,60725.0,61457.25,1507.54272229
Bitstamp:BTCUSD,61430.02,62666.52,60769.17,61031.91,1569.40380218
Bitstamp:BTCUSD,61008.19,61609.5,60109.91,61542.44,1268.5118197
Bitstamp:BTCUSD,61542.43,63300.0,61396.57,63300.0,1115.66885061
Bitstamp:BTCUSD,63300.0,67803.55,63300.0,67559.0,2715.42386367
Bitstamp:BTCUSD,67547.49,68564.4,66250.0,66945.72,2136.85836086
Bitstamp:BTCUSD,66928.42,69000.0,62856.71,64921.43,3419.11869317
Bitstamp:BTCUSD,64919.18,65625.44,64140.0,64821.33,1583.28379977
Bitstamp:BTCUSD,64783.13,65497.53,62294.84,64158.41,2519.30730563
Bitstamp:BTCUSD,64140.23,64980.0,63400.0,64417.52,830.13101807
Bitstamp:BTCUSD,64403.43,65509.87,63595.76,65509.87,1247.88451724
Bitstamp:BTCUSD,65509.87,66387.4,63348.91,63606.09,2000.8236224
Bitstamp:BTCUSD,63621.61,63628.0,58563.0,60142.31,4633.15266471
Bitstamp:BTCUSD,60115.12,60888.5,58400.0,60373.65,3716.85267779
Bitstamp:BTCUSD,60376.94,60978.39,56516.44,56917.66,6160.73153531
Bitstamp:BTCUSD,56924.94,58402.05,55640.0,58128.55,3277.0291926
Bitstamp:BTCUSD,58126.46,59896.54,57424.27,59768.54,1172.15930996
Bitstamp:BTCUSD,59785.85,60090.55,58525.84,58678.47,895.6750948
Bitstamp:BTCUSD,58679.27,59516.78,55628.57,56294.11,2943.16337271
Bitstamp:BTCUSD,56283.8,57897.54,55128.6,57579.99,2732.68987642
Bitstamp:BTCUSD,57583.91,57750.2,55894.62,57185.06,1809.75444016
Bitstamp:BTCUSD,57169.19,59445.45,57044.42,58990.14,1362.17480499
Bitstamp:BTCUSD,59004.88,59207.36,53524.03,53789.35,5221.96837588
Bitstamp:BTCUSD,53794.32,55382.0,53653.45,54774.66,1360.56586778
Bitstamp:BTCUSD,54764.24,57482.42,53308.93,57338.55,1377.55454862
Bitstamp:BTCUSD,57327.32,58931.07,56750.0,57845.12,2069.734969
Bitstamp:BTCUSD,57843.33,59250.0,55918.8,56974.12,3563.51826169
Bitstamp:BTCUSD,57027.28,59099.64,56469.22,57251.59,2515.54071956
Bitstamp:BTCUSD,57232.71,57413.52,55839.85,56547.96,2758.16039791
Bitstamp:BTCUSD,56534.26,57652.0,51556.01,53743.69,2964.76818531
Bitstamp:BTCUSD,53685.47,53877.77,41967.5,49234.97,10025.68966854
Bitstamp:BTCUSD,49240.81,49777.62,47836.34,49463.22,5156.66613697
Bitstamp:BTCUSD,49484.0,50986.0,47111.0,50555.0,4652.11767659
Bitstamp:BTCUSD,50550.09,51991.0,50062.13,50627.32,1719.32027862
Bitstamp:BTCUSD,50635.87,51249.41,48656.2,50543.3,1598.43571319
Bitstamp:BTCUSD,50535.15,50839.01,47332.43,47593.12,2585.44005017
Bitstamp:BTCUSD,47573.43,50132.88,46886.0,47142.42,2705.37096935
Bitstamp:BTCUSD,47179.53,49539.4,46789.0,49400.54,1323.03955982
Bitstamp:BTCUSD,49420.51,50800.0,48675.0,50124.38,1233.78838616
Bitstamp:BTCUSD,50102.31,50226.2,45750.0,46725.02,3337.44792896
Bitstamp:BTCUSD,46736.7,48689.3,46310.4,48389.96,2022.57460129
Bitstamp:BTCUSD,48386.95,49514.85,46560.0,48876.84,2593.87180959
Bitstamp:BTCUSD,48876.84,49449.0,47506.21,47663.42,1456.25725801
Bitstamp:BTCUSD,47654.99,48018.52,45478.74,46210.92,2077.28024679
Bitstamp:BTCUSD,46141.63,47370.14,45501.0,46881.87,827.39374258
Bitstamp:BTCUSD,46854.18,48307.34,46450.0,46704.67,1275.49937089
Bitstamp:BTCUSD,46671.66,47547.5,45572.94,46915.0,1726.01603262
Bitstamp:BTCUSD,46926.72,49353.49,46667.08,48929.86,1674.26784413
Bitstamp:BTCUSD,48907.75,49600.0,48449.87,48618.99,1306.16574192
Bitstamp:BTCUSD,48618.99,51386.66,48051.1,50850.0,1715.76050614
Bitstamp:BTCUSD,50850.0,51864.56,50442.34,50841.48,1446.08985274
Bitstamp:BTCUSD,50857.42,51179.36,50190.9,50442.22,823.04872916
Bitstamp:BTCUSD,50421.51,51292.65,49458.85,50791.21,1015.22197466
Bitstamp:BTCUSD,50885.32,52098.6,50479.44,50718.11,1102.98343745
Bitstamp:BTCUSD,50708.05,50719.59,47300.0,47543.3,2215.42340549
Bitstamp:BTCUSD,47597.7,48157.41,46099.94,46483.36,2089.31743829
Bitstamp:BTCUSD,46474.59,47916.32,45934.37,47150.71,2164.51144264
Bitstamp:BTCUSD,47110.3,48589.47,45655.31,46214.37,1798.55260406
Bitstamp:BTCUSD,46230.0,47960.98,46199.9,47777.42,741.52060313
Bitstamp:BTCUSD,47745.25,47989.0,46660.0,47350.22,702.0947554
Bitstamp:BTCUSD,47290.55,47586.58,45692.13,46439.89,1140.17908832
Bitstamp:BTCUSD,46464.01,47526.0,45539.05,45820.0,1832.82437411
Bitstamp:BTCUSD,45828.77,46855.06,42413.59,43435.8,3397.5473989
Bitstamp:BTCUSD,43417.31,43782.86,42414.0,43097.6,2450.13811928
Bitstamp:BTCUSD,43093.4,43135.35,40600.0,41535.66,2984.32256087
Bitstamp:BTCUSD,41576.73,42315.31,40517.05,41690.77,1581.47361959
Bitstamp:BTCUSD,41697.32,42796.49,41200.0,41875.81,1532.58823403
Bitstamp:BTCUSD,41853.98,42256.55,39558.7,41845.42,3494.01378649
Bitstamp:BTCUSD,41842.22,43144.74,41284.11,42736.0,2442.68007081
Bitstamp:BTCUSD,42754.44,44337.26,42471.17,43933.5,2502.76210107
Bitstamp:BTCUSD,43935.01,44456.34,42321.0,42571.94,1995.26790772
Bitstamp:BTCUSD,42579.44,43468.95,41782.21,43102.35,1386.83275834
Bitstamp:BTCUSD,43085.76,43826.8,42387.86,43102.01,707.65852297
Bitstamp:BTCUSD,43084.77,43495.59,42615.0,43107.7,621.95302734
Bitstamp:BTCUSD,43099.08,43209.47,41581.0,42255.07,1060.00938797
Bitstamp:BTCUSD,42230.09,42685.25,41290.06,42377.4,1639.00917148
Bitstamp:BTCUSD,42378.23,42589.9,41145.23,41683.21,1664.70405269
Bitstamp:BTCUSD,41733.21,43518.69,40554.14,40736.05,2425.58191611
Bitstamp:BTCUSD,40654.72,41115.58,35423.0,36495.46,6201.26782978
Bitstamp:BTCUSD,36447.37,36825.98,34000.0,35091.11,4510.37218636
Bitstamp:BTCUSD,35084.79,36574.47,34624.59,36293.62,2533.70397599
Bitstamp:BTCUSD,36262.21,38050.0,32950.72,36724.99,6335.15428027
Bitstamp:BTCUSD,36721.59,37552.3,35722.43,36975.91,2793.69107911
Bitstamp:BTCUSD,37006.76,38946.0,36279.21,36829.32,3663.15557069
Bitstamp:BTCUSD,36824.02,37251.0,35511.32,37208.36,3103.82301099
Bitstamp:BTCUSD,37179.62,38022.11,36173.98,37748.36,2420.65410706
Bitstamp:BTCUSD,37713.14,38741.67,37327.79,38192.65,1296.90892268
Bitstamp:BTCUSD,38176.45,38378.88,37372.59,37941.82,708.79481272
Bitstamp:BTCUSD,37914.1,38776.33,36631.66,38491.92,2009.13000337
Bitstamp:BTCUSD,38483.56,39285.0,38033.78,38733.04,2074.15802835
Bitstamp:BTCUSD,38768.08,38883.96,36618.36,36923.5,1672.70719509
Bitstamp:BTCUSD,36924.5,37391.74,36264.55,37320.11,1624.40014671
Bitstamp:BTCUSD,37330.75,41760.39,37064.28,41579.57,3901.59890405
Bitstamp:BTCUSD,41608.82,41983.12,40975.0,41427.72,1892.23797403
Bitstamp:BTCUSD,41422.7,42701.86,41141.81,42420.24,854.67571444
Bitstamp:BTCUSD,42420.24,44524.18,41682.11,43869.04,2601.46944039
Bitstamp:BTCUSD,43895.6,45501.0,42701.19,44091.56,2591.80146351
Bitstamp:BTCUSD,44106.95,44865.72,43164.0,44426.84,1625.88352507
Bitstamp:BTCUSD,44426.24,45850.0,43209.07,43524.6,2692.84357502
Bitstamp:BTCUSD,43540.15,43969.72,41983.12,42406.19,2170.4755638
Bitstamp:BTCUSD,42392.22,43034.0,41740.06,42241.11,892.34533043
Bitstamp:BTCUSD,42232.68,42779.6,41882.54,42077.74,515.45574228
Bitstamp:BTCUSD,42078.53,42871.68,41575.0,42540.3,1270.88651697
Bitstamp:BTCUSD,42567.27,44785.66,42469.96,44582.48,1774.21019854
Bitstamp:BTCUSD,44590.75,44590.75,43312.83,43901.48,1251.8465942
Bitstamp:BTCUSD,43901.49,44204.78,40088.88,40556.11,2438.13456297
Bitstamp:BTCUSD,40532.66,40996.31,39450.0,39996.99,2212.7221501
Bitstamp:BTCUSD,40008.75,40471.27,39587.08,40109.02,695.654296
Bitstamp:BTCUSD,40108.62,40151.62,37974.18,38373.9,1283.5115474
Bitstamp:BTCUSD,38384.09,39494.11,36810.72,37076.6,3501.42036418
Bitstamp:BTCUSD,37036.98,38463.88,36368.99,38269.94,2388.75903515
Bitstamp:BTCUSD,38269.94,39303.24,37060.16,37274.18,1778.8436526
Bitstamp:BTCUSD,37253.26,39720.0,34324.05,38376.88,6303.13618378
Bitstamp:BTCUSD,38360.93,39727.97,38027.61,39231.64,2202.85182731
Bitstamp:BTCUSD,39242.64,40330.99,38600.0,39146.66,912.7240869
Bitstamp:BTCUSD,39146.66,39886.92,37015.74,37712.68,1701.81704307
Bitstamp:BTCUSD,37717.1,44256.08,37468.99,43178.98,3160.61807044
Bitstamp:BTCUSD,43221.71,44981.22,42847.85,44443.96,2831.29722228
Bitstamp:BTCUSD,44443.98,45332.38,43350.0,43936.72,2043.55683949
Bitstamp:BTCUSD,43936.73,44118.53,41832.34,42476.26,2253.43330958
Bitstamp:BTCUSD,42476.25,42540.57,38590.95,39175.56,2493.65625888
Bitstamp:BTCUSD,39170.19,39620.3,38600.3,39416.79,806.91142871
Bitstamp:BTCUSD,39390.31,39701.0,38100.0,38438.89,1194.37373381
Bitstamp:BTCUSD,38404.97,39557.26,37169.52,38016.47,1949.69691981
Bitstamp:BTCUSD,38002.23,39377.0,37885.05,38753.65,1864.91652947
Bitstamp:BTCUSD,38761.13,42591.68,38667.65,41960.02,1980.29362461
Bitstamp:BTCUSD,41952.13,42053.95,38545.19,39444.45,2506.23482676
Bitstamp:BTCUSD,39433.48,40237.22,38244.76,38729.79,2063.22335158
Bitstamp:BTCUSD,38729.79,39458.58,38653.89,38822.02,962.85566586
Bitstamp:BTCUSD,38798.68,39312.5,37595.62,37790.54,737.88013225
Bitstamp:BTCUSD,37763.37,39913.42,37567.19,39665.71,1439.76768221
Bitstamp:BTCUSD,39688.55,39896.13,38142.35,39302.7,1638.68521951
Bitstamp:BTCUSD,39302.8,41693.97,38865.67,41142.76,5987.55893888
Bitstamp:BTCUSD,41142.76,41497.24,40449.06,40963.22,1657.76263332
Bitstamp:BTCUSD,40963.22,42362.0,40068.88,41794.37,2125.12318171
Bitstamp:BTCUSD,41781.96,42405.01,41553.88,42235.31,976.88885105
Bitstamp:BTCUSD,42240.43,42324.06,40930.2,41242.14,1061.35307364
Bitstamp:BTCUSD,41293.19,41588.7,40516.86,41043.14,1779.49806583
Bitstamp:BTCUSD,41018.36,43337.41,40901.13,42393.41,2375.67011362
Bitstamp:BTCUSD,42393.62,43021.73,41779.11,42925.41,1906.72354645
Bitstamp:BTCUSD,42912.21,44240.0,42636.54,44025.99,2175.23138551
Bitstamp:BTCUSD,44025.99,45137.12,43616.88,44320.6,1725.0715699
Bitstamp:BTCUSD,44340.49,44815.31,44101.0,44535.65,494.7242021
Bitstamp:BTCUSD,44553.24,46950.0,44456.9,46864.39,1548.88890527
Bitstamp:BTCUSD,46854.96,48234.0,46672.25,47152.38,2691.93784761
Bitstamp:BTCUSD,47152.38,48128.87,46941.84,47459.03,1716.33072308
Bitstamp:BTCUSD,47459.03,47721.41,46572.15,47068.08,1627.54321756
Bitstamp:BTCUSD,47086.07,47624.18,45234.0,45517.27,1372.96535736
Bitstamp:BTCUSD,45522.53,46739.81,44244.0,46307.81,1953.21952857
Bitstamp:BTCUSD,46306.38,47218.17,45650.0,45820.28,724.30875007
Bitstamp:BTCUSD,45820.28,47458.48,45565.64,46401.57,1063.6287324
Bitstamp:BTCUSD,46414.88,46891.17,45124.79,46598.2,1496.64154125
Bitstamp:BTCUSD,46514.43,47201.0,45342.33,45502.73,1128.11811492
Bitstamp:BTCUSD,45512.95,45548.77,43086.8,43191.59,3073.55689716
Bitstamp:BTCUSD,43172.83,43896.45,42741.52,43454.53,1381.82037284
Bitstamp:BTCUSD,43467.82,43986.09,42120.0,42290.11,1453.744661
Bitstamp:BTCUSD,42258.22,42807.63,42131.51,42767.89,525.17354399
Bitstamp:BTCUSD,42774.85,43450.72,41888.88,42133.85,862.61310467
Bitstamp:BTCUSD,42159.45,42415.57,39218.15,39524.86,2288.47921183
Bitstamp:BTCUSD,39545.37,40691.01,39273.65,40097.46,2111.92057359
Bitstamp:BTCUSD,40099.51,41557.61,39584.86,41147.74,1563.48448746
Bitstamp:BTCUSD,41159.29,41504.29,39582.53,39961.53,1169.49381805
Bitstamp:BTCUSD,39962.6,40869.99,39788.97,40563.18,752.39943803
Bitstamp:BTCUSD,40576.41,40701.0,40014.79,40395.67,365.72624783
Bitstamp:BTCUSD,40379.81,40602.69,39565.68,39691.27,485.0037186
Bitstamp:BTCUSD,39660.62,41101.0,38547.12,40814.6,2421.08185584
Bitstamp:BTCUSD,40814.6,41754.05,40578.58,41505.77,1457.11081239
Bitstamp:BTCUSD,41476.89,42220.04,40893.21,41375.85,1359.54124736
Bitstamp:BTCUSD,41378.77,42978.95,39770.0,40470.76,2163.63584261
Bitstamp:BTCUSD,40497.0,40808.66,39197.64,39726.03,2137.0051212
Bitstamp:BTCUSD,39700.55,39983.98,39301.0,39421.59,398.24448783
Bitstamp:BTCUSD,39438.51,39944.65,38987.0,39467.4,663.70417243
Bitstamp:BTCUSD,39464.67,40602.85,38202.91,40441.11,2220.04402771
Bitstamp:BTCUSD,40452.52,40800.0,37701.0,38137.67,2911.25635873
Bitstamp:BTCUSD,38105.68,39494.73,37885.75,39256.05,1769.00930667
Bitstamp:BTCUSD,39254.4,40387.0,38880.44,39754.2,1842.01208443
Bitstamp:BTCUSD,39753.28,39923.61,38174.27,38593.42,1600.89916681
Bitstamp:BTCUSD,38599.3,38786.95,37597.36,37639.8,728.27961992
Bitstamp:BTCUSD,37638.78,38672.2,37400.0,38488.34,1248.04269032
Bitstamp:BTCUSD,38484.46,39153.13,38045.79,38521.01,1434.10079893
Bitstamp:BTCUSD,38506.38,38641.57,37515.83,37729.95,1157.92845652
Bitstamp:BTCUSD,37735.35,40050.19,37665.46,39685.23,2297.27213438
Bitstamp:BTCUSD,39685.23,39840.37,35579.4,36533.93,3736.73012912
Bitstamp:BTCUSD,36542.41,36648.2,35268.69,36019.22,2594.53333069
Bitstamp:BTCUSD,36019.15,36123.99,34777.85,35463.46,1224.39699253
Bitstamp:BTCUSD,35465.46,35496.55,33710.16,34025.5,2670.39981616
Bitstamp:BTCUSD,34051.2,34224.35,30015.0,30082.0,7631.12166167
Bitstamp:BTCUSD,30066.48,32650.0,29731.03,30999.97,7402.77615413
Bitstamp:BTCUSD,31002.27,32148.15,27757.77,29000.0,11181.89852158
Bitstamp:BTCUSD,28999.99,30090.7,25401.05,28896.19,16579.81572219
Bitstamp:BTCUSD,28932.69,30974.6,28686.37,29238.81,6010.28449922
Bitstamp:BTCUSD,29239.41,30281.49,28561.23,30033.96,2910.99216303
Bitstamp:BTCUSD,30041.16,31411.48,29440.71,31295.03,2085.06630084
Bitstamp:BTCUSD,31275.27,31275.27,29060.0,29832.45,3112.79429009
Bitstamp:BTCUSD,29847.53,30753.96,29400.0,30425.36,2144.12908929
Bitstamp:BTCUSD,30423.9,30670.0,28615.23,28681.26,2318.15544994
Bitstamp:BTCUSD,28681.15,30505.14,28656.46,30290.33,2516.77484526
Bitstamp:BTCUSD,30271.22,30725.56,28690.13,29176.7,2337.17319044
Bitstamp:BTCUSD,29176.7,29621.01,28914.7,29421.05,490.42738451
Bitstamp:BTCUSD,29400.34,30457.58,29209.03,30264.66,1318.89417974
Bitstamp:BTCUSD,30264.66,30628.0,28839.29,29081.76,2158.65047198
Bitstamp:BTCUSD,29081.76,29810.38,28632.4,29632.15,1490.49316072
Bitstamp:BTCUSD,29626.53,30189.7,29313.78,29510.15,1563.3088557
Bitstamp:BTCUSD,29511.95,29853.34,28003.0,29183.06,2835.00522362
Bitstamp:BTCUSD,29183.39,29360.34,28253.57,28589.48,2109.94198208
Bitstamp:BTCUSD,28606.08,29231.9,28498.73,29010.82,721.5469467
Bitstamp:BTCUSD,29010.82,29561.04,28814.46,29448.94,909.19180016
Bitstamp:BTCUSD,29454.69,32195.68,29276.15,31731.22,3257.5487365
Bitstamp:BTCUSD,31677.13,32375.81,31181.26,31762.76,1621.75090195
Bitstamp:BTCUSD,31777.06,31962.79,29309.84,29787.4,2630.79633778
Bitstamp:BTCUSD,29791.96,30688.82,29568.13,30437.18,1226.29074296
Bitstamp:BTCUSD,30437.77,30670.07,29232.99,29669.39,1151.14514737
Bitstamp:BTCUSD,29688.17,29948.84,29444.21,29853.51,472.40386055
Bitstamp:BTCUSD,29834.06,30153.18,29514.96,29888.98,563.06294053
Bitstamp:BTCUSD,29905.46,31737.31,29868.16,31351.21,2494.10424691
Bitstamp:BTCUSD,31351.1,31536.11,29184.25,31115.82,3673.2627699
Bitstamp:BTCUSD,31108.3,31310.53,29831.85,30185.58,1909.67240307
Bitstamp:BTCUSD,30190.31,30672.56,29920.56,30089.03,953.92926451
Bitstamp:BTCUSD,30068.53,30333.81,28832.83,29065.66,2545.34126907
Bitstamp:BTCUSD,29065.66,29403.62,28085.75,28390.94,1589.19120186
Bitstamp:BTCUSD,28397.38,28523.06,26500.0,26585.1,2588.83347441
Bitstamp:BTCUSD,26538.63,26845.63,21910.26,22450.43,12621.88318574
Bitstamp:BTCUSD,22407.53,23288.88,20816.35,22097.3,8577.87231432
Bitstamp:BTCUSD,22077.83,22756.0,20079.72,22555.27,13481.56976707
Bitstamp:BTCUSD,22563.82,22957.01,20200.0,20382.88,4889.1343038
Bitstamp:BTCUSD,20387.66,21325.06,20220.16,20440.7,3615.09731757
Bitstamp:BTCUSD,20428.19,20758.0,17592.78,18956.8,7958.38532206
Bitstamp:BTCUSD,18952.14,20783.48,17930.7,20552.82,5100.88311828
Bitstamp:BTCUSD,20557.2,21036.89,19616.1,20555.44,5112.85052521
Bitstamp:BTCUSD,20555.44,21708.76,20332.07,20712.29,3543.16812013
Bitstamp:BTCUSD,20710.01,20863.44,19743.99,19963.68,4210.55338322
Bitstamp:BTCUSD,19977.24,21204.14,19869.63,21093.42,2677.9122849
Bitstamp:BTCUSD,21102.75,21538.4,20713.77,21215.42,2444.77217091
Bitstamp:BTCUSD,21229.66,21586.67,20890.0,21486.8,1196.68247668
Bitstamp:BTCUSD,21486.67,21868.0,20968.85,21028.69,1437.60709463
Bitstamp:BTCUSD,21029.19,21516.85,20491.28,20699.72,1648.58803237
Bitstamp:BTCUSD,20722.27,21178.73,20176.0,20261.34,2048.7055194
Bitstamp:BTCUSD,20253.88,20398.99,19827.0,20093.18,1605.44356204
Bitstamp:BTCUSD,20098.0,20131.06,18595.6,19924.89,4907.85086025
Bitstamp:BTCUSD,19960.61,20895.08,18944.69,19239.47,4426.73855864
Bitstamp:BTCUSD,19263.41,19425.08,18960.0,19228.25,1478.97411836
Bitstamp:BTCUSD,19232.76,19616.43,18763.96,19294.46,1438.93649433
Bitstamp:BTCUSD,19296.88,20319.88,19032.44,20209.53,2016.0820069
Bitstamp:BTCUSD,20209.02,20720.0,19281.82,20168.63,2882.42565043
Bitstamp:BTCUSD,20164.65,20648.76,19750.16,20547.45,2093.38193195
Bitstamp:BTCUSD,20546.29,21847.25,20237.58,21643.56,3423.68489508
Bitstamp:BTCUSD,21620.85,22401.0,21164.07,21584.14,3353.28753796
Bitstamp:BTCUSD,21592.69,21955.18,21311.36,21588.35,865.38701575
Bitstamp:BTCUSD,21581.98,21593.73,20629.99,20856.08,1398.91806277
Bitstamp:BTCUSD,20851.14,20858.75,19869.0,19949.71,1381.03847332
Bitstamp:BTCUSD,19948.55,20036.24,19237.42,19321.14,1740.57550739
Bitstamp:BTCUSD,19337.91,20367.88,18905.55,20232.35,3196.87594812
Bitstamp:BTCUSD,20225.24,20880.0,19608.47,20577.23,2574.89805317
Bitstamp:BTCUSD,20569.17,21186.35,20368.7,20835.39,1581.8301293
Bitstamp:BTCUSD,20823.7,21577.0,20472.68,21195.49,1740.63926769
Bitstamp:BTCUSD,21198.34,21664.52,20751.08,20801.85,1497.20354125
Bitstamp:BTCUSD,20786.76,22760.04,20757.29,22435.04,4288.35687434
Bitstamp:BTCUSD,22439.63,23800.0,21578.45,23405.02,4682.89577709
Bitstamp:BTCUSD,23392.04,24280.3,22893.95,23208.53,4052.68459237
Bitstamp:BTCUSD,23217.0,23430.33,22340.34,23163.34,2268.35939016
Bitstamp:BTCUSD,23166.09,23760.87,22512.42,22682.26,2025.58385843
Bitstamp:BTCUSD,22696.19,23005.68,21944.47,22468.69,1010.85783614
Bitstamp:BTCUSD,22468.7,23006.77,22272.23,22595.81,681.19673676
Bitstamp:BTCUSD,22589.47,22673.68,21250.0,21306.56,2128.78016831
Bitstamp:BTCUSD,21314.26,21344.09,20700.13,21259.78,1966.10459098
Bitstamp:BTCUSD,21266.14,23112.9,21047.7,22969.04,2976.19207458
Bitstamp:BTCUSD,22972.22,24198.95,22600.0,23853.11,3465.30653365
Bitstamp:BTCUSD,23856.91,24445.0,23438.5,23785.31,2536.49166787
Bitstamp:BTCUSD,23777.85,24676.0,23523.29,23644.58,1739.57494563
Bitstamp:BTCUSD,23652.53,24190.09,23241.0,23322.53,1624.15172546
Bitstamp:BTCUSD,23287.38,23511.5,22861.0,23282.92,1310.17180502
Bitstamp:BTCUSD,23291.67,23468.33,22665.98,23001.52,1441.67175813
Bitstamp:BTCUSD,22997.07,23642.14,22686.12,22835.88,1306.29502305
Bitstamp:BTCUSD,22830.37,23228.77,22400.0,22615.24,1538.15129545
Bitstamp:BTCUSD,22630.14,23478.0,22587.94,23326.4,2070.35989801
Bitstamp:BTCUSD,23326.5,23354.54,22919.76,22956.61,672.14529689
Bitstamp:BTCUSD,22946.0,23411.55,22855.14,23187.62,691.3833738
Bitstamp:BTCUSD,23177.72,24246.06,23169.64,23821.68,1845.04091771
Bitstamp:BTCUSD,23811.29,23927.44,22880.22,23164.78,1206.11380091
Bitstamp:BTCUSD,23151.68,24228.0,22668.57,23964.0,2251.391241
Bitstamp:BTCUSD,23961.0,24921.0,23867.0,23959.0,1964.20486158
Bitstamp:BTCUSD,23957.0,24459.0,23615.0,24407.0,1258.79271631
Bitstamp:BTCUSD,24421.0,24900.0,24301.0,24456.0,891.42169723
Bitstamp:BTCUSD,24459.0,25053.0,24161.0,24320.0,1360.86975366
Bitstamp:BTCUSD,24324.0,25212.0,23782.0,24110.0,1764.96054871
Bitstamp:BTCUSD,24103.0,24250.0,23673.0,23867.0,761.78640254
Bitstamp:BTCUSD,23866.0,24448.0,23176.0,23340.0,1814.51630224
Bitstamp:BTCUSD,23348.0,23593.0,23103.0,23201.0,888.93686166
Bitstamp:BTCUSD,23192.0,23202.0,20785.0,20841.0,3558.4209748
Bitstamp:BTCUSD,20840.0,21368.0,20769.0,21146.0,1475.27766281
Bitstamp:BTCUSD,21150.0,21778.0,21070.0,21514.0,1070.7625595
Bitstamp:BTCUSD,21517.0,21530.0,20901.0,21411.0,1428.98968096
Bitstamp:BTCUSD,21404.0,21672.0,20899.0,21520.0,1237.15611446
Bitstamp:BTCUSD,21523.0,21892.0,21142.0,21372.0,1825.65585841
Bitstamp:BTCUSD,21364.0,21813.0,21319.0,21571.0,1134.96366241
Bitstamp:BTCUSD,21550.0,21870.0,20119.0,20250.0,3482.0913778
Bitstamp:BTCUSD,20242.0,20376.0,19766.0,20045.0,1322.83765891
Bitstamp:BTCUSD,20044.0,20159.0,19526.0,19557.0,883.35771116
Bitstamp:BTCUSD,19571.0,20415.0,19557.0,20302.0,1226.5339045
Bitstamp:BTCUSD,20300.0,20575.0,19552.0,19819.0,2061.63316733
Bitstamp:BTCUSD,19836.0,20490.0,19822.0,20059.0,2271.18112596
Bitstamp:BTCUSD,20049.0,20202.0,19573.0,20128.0,1841.62666131
Bitstamp:BTCUSD,20133.0,20440.0,19762.0,19959.0,1704.54970941
Bitstamp:BTCUSD,19950.0,20053.0,19667.0,19840.0,454.45221631
Bitstamp:BTCUSD,19840.0,20025.0,19586.0,20007.0,468.46460815
Bitstamp:BTCUSD,20014.0,20051.0,19634.0,19794.0,975.96352852
Bitstamp:BTCUSD,19799.0,20181.0,18669.0,18789.0,3216.97582373
Bitstamp:BTCUSD,18808.0,19456.0,18540.0,19276.0,1946.27402334
Bitstamp:BTCUSD,19301.0,19454.0,19023.0,19322.0,1759.2499652
Bitstamp:BTCUSD,19327.0,21610.0,19303.0,21371.0,4009.40373236
Bitstamp:BTCUSD,21371.0,21814.0,21125.0,21672.0,1355.39296702
Bitstamp:BTCUSD,21663.0,21871.0,21360.0,21835.0,844.39459098
Bitstamp:BTCUSD,21836.0,22485.0,21565.0,22401.0,2496.98699671
Bitstamp:BTCUSD,22396.0,22781.0,19862.0,20177.0,3927.23167292
Bitstamp:BTCUSD,20175.0,20526.0,19623.0,20233.0,2792.62275209
Bitstamp:BTCUSD,20226.0,20432.0,19500.0,19691.0,2531.5711628
Bitstamp:BTCUSD,19704.0,19887.0,19330.0,19802.0,2514.42684614
Bitstamp:BTCUSD,19802.0,20187.0,19757.0,20114.0,947.27782708
Bitstamp:BTCUSD,20116.0,20116.0,19343.0,19419.0,1609.63965374
Bitstamp:BTCUSD,19418.0,19679.0,18271.0,19538.0,3418.2169402
Bitstamp:BTCUSD,19535.0,19634.0,18717.0,18878.0,2544.45288865
Bitstamp:BTCUSD,18877.0,19902.0,18157.0,18466.0,5333.03776764
Bitstamp:BTCUSD,18458.0,19541.0,18368.0,19403.0,2607.0417597
Bitstamp:BTCUSD,19411.0,19491.0,18533.0,19294.0,2593.18338023
Bitstamp:BTCUSD,19291.0,19309.0,18817.0,18921.0,922.02394143
Bitstamp:BTCUSD,18919.0,19182.0,18636.0,18810.0,979.44306377
Bitstamp:BTCUSD,18809.0,19313.0,18690.0,19226.0,3167.38799752
Bitstamp:BTCUSD,19233.0,20381.0,18822.0,19075.0,4425.61502655
Bitstamp:BTCUSD,19085.0,19770.0,18461.0,19413.0,3814.50266646
Bitstamp:BTCUSD,19413.0,19630.0,18852.0,19592.0,1795.3838453
Bitstamp:BTCUSD,19593.0,20171.0,19152.0,19425.0,2413.78432301
Bitstamp:BTCUSD,19419.0,19484.0,19174.0,19312.0,378.60698732
Bitstamp:BTCUSD,19306.0,19395.0,18931.0,19051.0,518.03380521
Bitstamp:BTCUSD,19060.0,19715.0,18975.0,19636.0,1109.13176723
Bitstamp:BTCUSD,19633.0,20469.0,19497.0,20343.0,2455.79187396
Bitstamp:BTCUSD,20343.0,20366.0,19735.0,20162.0,1789.84892196
Bitstamp:BTCUSD,20161.0,20447.0,19864.0,19951.0,1438.88952495
Bitstamp:BTCUSD,19960.0,20056.0,19335.0,19532.0,1290.58016407
Bitstamp:BTCUSD,19533.0,19624.0,19259.0,19420.0,517.31876324
Bitstamp:BTCUSD,19421.0,19604.0,19324.0,19445.0,707.27451611
Bitstamp:BTCUSD,19436.0,19525.0,19029.0,19131.0,1052.98301829
Bitstamp:BTCUSD,19131.0,19265.0,18853.0,19059.0,1332.93245318
Bitstamp:BTCUSD,19061.0,19229.0,18967.0,19157.0,870.27070879
Bitstamp:BTCUSD,19156.0,19504.0,18183.0,19377.0,2921.28942458
Bitstamp:BTCUSD,19374.0,19947.0,19083.0,19181.0,1313.80111372
Bitstamp:BTCUSD,19184.0,19229.0,18990.0,19066.0,331.43098278
Bitstamp:BTCUSD,19072.0,19425.0,19067.0,19264.0,417.01160964
Bitstamp:BTCUSD,19262.0,19672.0,19160.0,19547.0,1141.62350258
Bitstamp:BTCUSD,19547.0,19700.0,19099.0,19334.0,1525.14596118
Bitstamp:BTCUSD,19329.0,19356.0,19078.0,19126.0,1302.59535401
Bitstamp:BTCUSD,19128.0,19340.0,18913.0,19043.0,1490.48469747
Bitstamp:BTCUSD,19043.0,19245.0,18660.0,19165.0,1923.43991085
Bitstamp:BTCUSD,19166.0,19250.0,19118.0,19206.0,455.41611912
Bitstamp:BTCUSD,19208.0,19689.0,19079.0,19574.0,1195.62013587
Bitstamp:BTCUSD,19576.0,19588.0,19169.0,19332.0,1155.8634844
Bitstamp:BTCUSD,19332.0,20418.0,19222.0,20087.0,2804.51314609
Bitstamp:BTCUSD,20096.0,21012.0,20062.0,20775.0,2711.06904662
Bitstamp:BTCUSD,20771.0,20872.0,20210.0,20296.0,1669.88399576
Bitstamp:BTCUSD,20295.0,20750.0,20008.0,20599.0,1828.01380674
Bitstamp:BTCUSD,20596.0,21078.0,20566.0,20821.0,1213.18946622
Bitstamp:BTCUSD,20820.0,20931.0,20525.0,20628.0,679.83876303
Bitstamp:BTCUSD,20631.0,20833.0,20243.0,20498.0,1880.02456732
Bitstamp:BTCUSD,20493.0,20681.0,20334.0,20480.0,1276.70028973
Bitstamp:BTCUSD,20480.0,20802.0,20055.0,20154.0,2292.08236192
Bitstamp:BTCUSD,20152.0,20387.0,20039.0,20209.0,1004.11893277
Bitstamp:BTCUSD,20209.0,21290.0,20184.0,21153.0,3501.48578481
Bitstamp:BTCUSD,21152.0,21473.0,21089.0,21301.0,774.12522007
Bitstamp:BTCUSD,21299.0,21364.0,20899.0,20907.0,551.95849001
Bitstamp:BTCUSD,20899.0,21070.0,20400.0,20590.0,1417.99563473
Bitstamp:BTCUSD,20591.0,20669.0,17114.0,18550.0,12038.83321209
Bitstamp:BTCUSD,18546.0,18588.0,15632.0,15877.0,8350.78946074
Bitstamp:BTCUSD,15900.0,18150.0,15748.0,17551.0,8375.71350605
Bitstamp:BTCUSD,17548.0,17645.0,16394.0,17007.0,5636.79373783
Bitstamp:BTCUSD,17020.0,17054.0,16610.0,16788.0,1882.26415655
Bitstamp:BTCUSD,16788.0,17240.0,16263.0,16310.0,2703.91194662
Bitstamp:BTCUSD,16300.0,17130.0,15784.0,16589.0,7964.34006887
Bitstamp:BTCUSD,16586.0,17095.0,16511.0,16874.0,5633.4472262
Bitstamp:BTCUSD,16875.0,16980.0,16371.0,16654.0,4036.30042365
Bitstamp:BTCUSD,16655.0,16724.0,16412.0,16686.0,2459.01915034
Bitstamp:BTCUSD,16687.0,16971.0,16540.0,16683.0,2673.28041964
Bitstamp:BTCUSD,16683.0,16799.0,16548.0,16690.0,1377.3963971
Bitstamp:BTCUSD,16687.0,16730.0,16169.0,16256.0,1827.05676561
Bitstamp:BTCUSD,16250.0,16269.0,15479.0,15766.0,5633.48780213
Bitstamp:BTCUSD,15757.0,16281.0,15613.0,16197.0,3720.50241508
Bitstamp:BTCUSD,16199.0,16647.0,16150.0,16603.0,3505.30217525
Bitstamp:BTCUSD,16594.0,16783.0,16456.0,16591.0,2141.88464889
Bitstamp:BTCUSD,16589.0,16604.0,16339.0,16508.0,2043.44612911
Bitstamp:BTCUSD,16511.0,16685.0,16387.0,16454.0,1503.64131011
Bitstamp:BTCUSD,16451.0,16587.0,16402.0,16424.0,1189.79470656
Bitstamp:BTCUSD,16420.0,16477.0,16004.0,16210.0,3254.70177817
Bitstamp:BTCUSD,16205.0,16529.0,16102.0,16434.0,2311.40468667
Bitstamp:BTCUSD,16437.0,17223.0,16430.0,17170.0,4442.56553096
Bitstamp:BTCUSD,17166.0,17250.0,16864.0,16977.0,3208.09558762
Bitstamp:BTCUSD,16976.0,17102.0,16800.0,17095.0,2329.03284999
Bitstamp:BTCUSD,17095.0,17150.0,16868.0,16886.0,1177.01264514
Bitstamp:BTCUSD,16893.0,17195.0,16890.0,17114.0,1603.5516013
Bitstamp:BTCUSD,17113.0,17418.0,16879.0,16968.0,2251.51957602
Bitstamp:BTCUSD,16968.0,17101.0,16914.0,17088.0,1303.60899038
Bitstamp:BTCUSD,17091.0,17131.0,16736.0,16836.0,1185.39328287
Bitstamp:BTCUSD,16838.0,17296.0,16734.0,17229.0,1725.02170572
Bitstamp:BTCUSD,17229.0,17353.0,17073.0,17128.0,1226.70564841
Bitstamp:BTCUSD,17129.0,17223.0,17100.0,17128.0,677.25474701
Bitstamp:BTCUSD,17128.0,17264.0,17080.0,17091.0,1239.3577856
Bitstamp:BTCUSD,17089.0,17240.0,16881.0,17209.0,1695.04357871
Bitstamp:BTCUSD,17214.0,18106.0,17093.0,17772.0,3839.86501115
Bitstamp:BTCUSD,17771.0,18373.0,17667.0,17803.0,3837.16139672
Bitstamp:BTCUSD,17806.0,17853.0,17288.0,17362.0,1887.71290617
Bitstamp:BTCUSD,17361.0,17525.0,16572.0,16633.0,2853.96835966
Bitstamp:BTCUSD,16635.0,16794.0,16596.0,16781.0,1114.37024438
Bitstamp:BTCUSD,16780.0,16850.0,16676.0,16749.0,695.99091766
Bitstamp:BTCUSD,16744.0,16815.0,16293.0,16446.0,2157.44154575
Bitstamp:BTCUSD,16441.0,17046.0,16402.0,16898.0,2116.01430301
Bitstamp:BTCUSD,16899.0,16919.0,16719.0,16824.0,1618.76794861
Bitstamp:BTCUSD,16823.0,16863.0,16570.0,16821.0,1946.80526969
Bitstamp:BTCUSD,16821.0,16916.0,16750.0,16779.0,2138.4466876
Bitstamp:BTCUSD,16779.0,16848.0,16779.0,16839.0,960.3266097
Bitstamp:BTCUSD,16839.0,16850.0,16731.0,16828.0,717.96557265
Bitstamp:BTCUSD,16828.0,16933.0,16801.0,16917.0,731.85697007
Bitstamp:BTCUSD,16920.0,16961.0,16588.0,16700.0,2203.33524902
Bitstamp:BTCUSD,16699.0,16772.0,16465.0,16540.0,2220.78816676
Bitstamp:BTCUSD,16540.0,16650.0,16486.0,16628.0,1561.53157649
Bitstamp:BTCUSD,16628.0,16650.0,16337.0,16603.0,2223.64394181
Bitstamp:BTCUSD,16602.0,16627.0,16471.0,16528.0,602.43437164
Bitstamp:BTCUSD,16530.0,16622.0,16496.0,16615.0,473.83273801
Bitstamp:BTCUSD,16615.0,16782.0,16552.0,16673.0,1046.7274368
Bitstamp:BTCUSD,16668.0,16766.0,16605.0,16670.0,1388.07377613
Bitstamp:BTCUSD,16673.0,16984.0,16652.0,16849.0,2038.20012252
Bitstamp:BTCUSD,16847.0,16871.0,16755.0,16826.0,1132.35464416
Bitstamp:BTCUSD,16826.0,17024.0,16669.0,16950.0,1738.86975267
Bitstamp:BTCUSD,16951.0,16975.0,16907.0,16945.0,523.75442441
Bitstamp:BTCUSD,16946.0,17163.0,16915.0,17119.0,816.57209307
Bitstamp:BTCUSD,17124.0,17393.0,17108.0,17179.0,2212.63662624
Bitstamp:BTCUSD,17177.0,17490.0,17147.0,17446.0,1354.43514717
Bitstamp:BTCUSD,17448.0,17992.0,17318.0,17930.0,1904.45231601
Bitstamp:BTCUSD,17948.0,19114.0,17911.0,18853.0,5126.15290965
Bitstamp:BTCUSD,18852.0,19991.0,18720.0,19931.0,3765.6159592
Bitstamp:BTCUSD,19936.0,21247.0,19895.0,20960.0,6843.48563958
Bitstamp:BTCUSD,20961.0,21052.0,20549.0,20885.0,1352.72025796
Bitstamp:BTCUSD,20879.0,21456.0,20634.0,21189.0,3236.95717404
Bitstamp:BTCUSD,21186.0,21594.0,20863.0,21134.0,2302.4557231
Bitstamp:BTCUSD,21136.0,21646.0,20358.0,20670.0,3794.75671744
Bitstamp:BTCUSD,20678.0,21185.0,20654.0,21086.0,2391.98069084
Bitstamp:BTCUSD,21085.0,22750.0,20869.0,22678.0,2937.14734339
Bitstamp:BTCUSD,22670.0,23362.0,22442.0,22783.0,3013.23007247
Bitstamp:BTCUSD,22791.0,23076.0,22314.0,22717.0,1548.97073883
Bitstamp:BTCUSD,22708.0,23167.0,22525.0,22922.0,1699.036477
Bitstamp:BTCUSD,22922.0,23162.0,22473.0,22637.0,1953.73212508
Bitstamp:BTCUSD,22636.0,23815.0,22334.0,23054.0,2582.12304347
Bitstamp:BTCUSD,23063.0,23282.0,22866.0,23010.0,1473.72439517
Bitstamp:BTCUSD,23011.0,23500.0,22541.0,23083.0,2086.70647505
Bitstamp:BTCUSD,23082.0,23187.0,22894.0,23033.0,834.3522255
Bitstamp:BTCUSD,23031.0,23954.0,22981.0,23746.0,1620.98279529
Bitstamp:BTCUSD,23748.0,23799.0,22504.0,22831.0,2081.82272658
Bitstamp:BTCUSD,22831.0,23318.0,22724.0,23127.0,1558.97476087
Bitstamp:BTCUSD,23134.0,23810.0,22768.0,23735.0,2468.52240577
Bitstamp:BTCUSD,23736.0,24258.0,23377.0,23498.0,2609.60252721
Bitstamp:BTCUSD,23503.0,23719.0,23212.0,23434.0,1742.07112849
Bitstamp:BTCUSD,23421.0,23582.0,23266.0,23330.0,778.73091268
Bitstamp:BTCUSD,23328.0,23428.0,22766.0,22937.0,1525.50154971
Bitstamp:BTCUSD,22942.0,23148.0,22643.0,22763.0,1731.60284453
Bitstamp:BTCUSD,22761.0,23338.0,22751.0,23252.0,2758.61416405
Bitstamp:BTCUSD,23246.0,23439.0,22686.0,22961.0,1236.37140064
Bitstamp:BTCUSD,22965.0,23003.0,21700.0,21802.0,2260.7943153
Bitstamp:BTCUSD,21803.0,21939.0,21454.0,21639.0,1503.99323818
Bitstamp:BTCUSD,21631.0,21904.0,21610.0,21868.0,699.37255295
Bitstamp:BTCUSD,21868.0,22086.0,21649.0,21789.0,1481.78576998
Bitstamp:BTCUSD,21790.0,21897.0,21376.0,21790.0,1923.03740841
Bitstamp:BTCUSD,21790.0,22316.0,21569.0,22211.0,2032.44280719
Bitstamp:BTCUSD,22208.0,24374.0,22064.0,24332.0,2317.11877577
Bitstamp:BTCUSD,24332.0,25270.0,23520.0,23521.0,3522.85595625
Bitstamp:BTCUSD,23518.0,25014.0,23369.0,24580.0,3329.15013434
Bitstamp:BTCUSD,24577.0,24869.0,24450.0,24640.0,721.18871725
Bitstamp:BTCUSD,24638.0,25183.0,24211.0,24296.0,1717.15816149
Bitstamp:BTCUSD,24271.0,25118.0,23862.0,24843.0,1828.53775073
Bitstamp:BTCUSD,24843.0,25250.0,24165.0,24450.0,2505.88694839
Bitstamp:BTCUSD,24450.0,24474.0,23594.0,24188.0,1951.95970979
Bitstamp:BTCUSD,24188.0,24590.0,23636.0,23939.0,2000.51001308
Bitstamp:BTCUSD,23939.0,24124.0,22865.0,23189.0,2782.7898089
Bitstamp:BTCUSD,23186.0,23215.0,22770.0,23161.0,863.37221739
Bitstamp:BTCUSD,23166.0,23678.0,23068.0,23562.0,1019.2008877
Bitstamp:BTCUSD,23560.0,23890.0,23126.0,23493.0,1768.12573577
Bitstamp:BTCUSD,23497.0,23594.0,23048.0,23136.0,1185.70678735
Bitstamp:BTCUSD,23146.0,23990.0,23040.0,23634.0,1748.05063555
Bitstamp:BTCUSD,23632.0,23791.0,23206.0,23466.0,1090.90402404
Bitstamp:BTCUSD,23469.0,23477.0,22000.0,22359.0,2878.02219561
Bitstamp:BTCUSD,22359.0,22401.0,22170.0,22347.0,608.34767678
Bitstamp:BTCUSD,22347.0,22652.0,22212.0,22428.0,944.66432972
Bitstamp:BTCUSD,22427.0,22590.0,22263.0,22407.0,1156.23472957
Bitstamp:BTCUSD,22414.0,22547.0,21931.0,22200.0,1837.72234137
Bitstamp:BTCUSD,22197.0,22275.0,21590.0,21704.0,1477.18402948
Bitstamp:BTCUSD,21697.0,21824.0,20043.0,20367.0,3374.52370067
Bitstamp:BTCUSD,20368.0,20368.0,19569.0,20220.0,4695.61839262
Bitstamp:BTCUSD,20226.0,20874.0,19893.0,20618.0,3590.95407524
Bitstamp:BTCUSD,20615.0,22269.0,20456.0,22183.0,3599.49467653
Bitstamp:BTCUSD,22190.0,24618.0,21900.0,24209.0,6738.26574302
Bitstamp:BTCUSD,24210.0,26533.0,24070.0,24750.0,7966.63580318
Bitstamp:BTCUSD,24745.0,25273.0,23940.0,24368.0,4368.44571382
Bitstamp:BTCUSD,24361.0,25217.0,24229.0,25050.0,2431.28339301
Bitstamp:BTCUSD,25051.0,27818.0,24954.0,27466.0,5166.30277037
Bitstamp:BTCUSD,27466.0,27776.0,26707.0,26980.0,2934.20319237
Bitstamp:BTCUSD,26992.0,28474.0,26900.0,28054.0,2615.71640887
Bitstamp:BTCUSD,28081.0,28567.0,27231.0,27815.0,3998.09358215
Bitstamp:BTCUSD,27808.0,28497.0,27436.0,28192.0,2955.12879242
Bitstamp:BTCUSD,28184.0,28936.0,26688.0,27320.0,5011.0153592
Bitstamp:BTCUSD,27320.0,28818.0,27187.0,28343.0,3165.97283785
Bitstamp:BTCUSD,28352.0,29380.0,27043.0,27493.0,2789.44951461
Bitstamp:BTCUSD,27497.0,27810.0,27210.0,27499.0,963.83840741
Bitstamp:BTCUSD,27493.0,28217.0,27453.0,28004.0,1100.20331067
Bitstamp:BTCUSD,27992.0,28051.0,26541.0,27142.0,2258.96393636
Bitstamp:BTCUSD,27142.0,27514.0,26647.0,27272.0,2137.44964357
Bitstamp:BTCUSD,27272.0,28650.0,27258.0,28353.0,2161.81292594
Bitstamp:BTCUSD,28353.0,29170.0,27706.0,28039.0,2912.7527969
Bitstamp:BTCUSD,28036.0,28653.0,27533.0,28476.0,2301.216737
Bitstamp:BTCUSD,28476.0,28816.0,28237.0,28469.0,656.33679146
Bitstamp:BTCUSD,28469.0,28544.0,27891.0,28186.0,689.98223995
Bitstamp:BTCUSD,28179.0,28506.0,27236.0,27816.0,2390.56448985
Bitstamp:BTCUSD,27820.0,28447.0,27686.0,28178.0,1294.59736105
Bitstamp:BTCUSD,28179.0,28782.0,27823.0,28183.0,1576.36122648
Bitstamp:BTCUSD,28181.0,28199.0,27723.0,28051.0,1064.88030111
Bitstamp:BTCUSD,28054.0,28118.0,27797.0,27931.0,436.4796401
Bitstamp:BTCUSD,27931.0,28174.0,27891.0,27969.0,417.7631391
Bitstamp:BTCUSD,27968.0,28544.0,27833.0,28340.0,718.54765779
Bitstamp:BTCUSD,28353.0,29789.0,28184.0,29652.0,2711.67320655
Bitstamp:BTCUSD,29657.0,30575.0,29617.0,30246.0,2689.4058512
Bitstamp:BTCUSD,30255.0,30503.0,29689.0,29903.0,1926.96571954
Bitstamp:BTCUSD,29914.0,30614.0,29889.0,30410.0,1504.18935847
Bitstamp:BTCUSD,30411.0,31035.0,30001.0,30498.0,2540.14059427
Bitstamp:BTCUSD,30498.0,30620.0,30249.0,30332.0,560.64010658
Bitstamp:BTCUSD,30327.0,30567.0,30157.0,30330.0,656.81163772
Bitstamp:BTCUSD,30328.0,30337.0,29247.0,29448.0,2077.00292863
Bitstamp:BTCUSD,29452.0,30483.0,29122.0,30395.0,1829.01718646
Bitstamp:BTCUSD,30388.0,30423.0,28603.0,28827.0,3869.11862954
Bitstamp:BTCUSD,28814.0,29098.0,28005.0,28238.0,2451.52555325
Bitstamp:BTCUSD,28240.0,28362.0,27140.0,27254.0,2455.89969552
Bitstamp:BTCUSD,27253.0,27883.0,27137.0,27817.0,1010.44737158
Bitstamp:BTCUSD,27820.0,27820.0,27347.0,27596.0,798.04552773
Bitstamp:BTCUSD,27594.0,27998.0,26981.0,27512.0,2236.65500868
Bitstamp:BTCUSD,27515.0,28392.0,27197.0,28300.0,1874.56625132
Bitstamp:BTCUSD,28306.0,30022.0,27242.0,28428.0,5282.64382736
Bitstamp:BTCUSD,28427.0,29887.0,28389.0,29485.0,3748.69776442
Bitstamp:BTCUSD,29486.0,29600.0,28922.0,29333.0,2449.0749774
Bitstamp:BTCUSD,29339.0,29460.0,29061.0,29247.0,932.47961185
Bitstamp:BTCUSD,29252.0,29961.0,29115.0,29235.0,1415.25506091
Bitstamp:BTCUSD,29254.0,29344.0,27666.0,28079.0,2913.86283351
Bitstamp:BTCUSD,28079.0,28894.0,27876.0,28680.0,1935.65649138
Bitstamp:BTCUSD,28682.0,29276.0,28138.0,29033.0,2838.48316961
Bitstamp:BTCUSD,29043.0,29378.0,28691.0,28851.0,1656.63171889
Bitstamp:BTCUSD,28860.0,29701.0,28832.0,29547.0,1923.18974421
Bitstamp:BTCUSD,29537.0,29851.0,28422.0,28911.0,1443.17174676
Bitstamp:BTCUSD,28909.0,29194.0,28444.0,28472.0,1021.45715582
Bitstamp:BTCUSD,28485.0,28667.0,27290.0,27690.0,2936.79913382
Bitstamp:BTCUSD,27688.0,27841.0,27372.0,27650.0,1573.58442454
Bitstamp:BTCUSD,27648.0,28328.0,26842.0,27618.0,2848.942523
Bitstamp:BTCUSD,27624.0,27640.0,26720.0,26991.0,2127.91135789
Bitstamp:BTCUSD,26987.0,27093.0,25800.0,26811.0,4842.98984814
Bitstamp:BTCUSD,26816.0,27052.0,26710.0,26789.0,1269.30464643
Bitstamp:BTCUSD,26805.0,27202.0,26598.0,26933.0,1325.63421938
Bitstamp:BTCUSD,26933.0,27666.0,26736.0,27166.0,1805.12956433
Bitstamp:BTCUSD,27166.0,27300.0,26868.0,27037.0,1730.45413554
Bitstamp:BTCUSD,27037.0,27488.0,26550.0,27404.0,2653.36761994
Bitstamp:BTCUSD,27413.0,27481.0,26374.0,26818.0,1988.19661419
Bitstamp:BTCUSD,26824.0,27176.0,26651.0,26893.0,1277.23274821
Bitstamp:BTCUSD,26889.0,27153.0,26840.0,27115.0,603.01833692
Bitstamp:BTCUSD,27123.0,27277.0,26688.0,26750.0,654.14743859
Bitstamp:BTCUSD,26753.0,27078.0,26547.0,26856.0,1111.87388791
Bitstamp:BTCUSD,26854.0,27478.0,26810.0,27226.0,1174.45290602
Bitstamp:BTCUSD,27225.0,27225.0,26076.0,26325.0,2214.54386081
Bitstamp:BTCUSD,26325.0,26611.0,25878.0,26478.0,1647.18339473
Bitstamp:BTCUSD,26486.0,26937.0,26338.0,26718.0,1666.10237235
Bitstamp:BTCUSD,26716.0,26893.0,26566.0,26872.0,636.46388614
Bitstamp:BTCUSD,26875.0,28248.0,26785.0,28072.0,1665.64922634
Bitstamp:BTCUSD,28071.0,28452.0,27542.0,27749.0,1684.67833372
Bitstamp:BTCUSD,27748.0,28054.0,27570.0,27706.0,1567.55117507
Bitstamp:BTCUSD,27701.0,27840.0,26857.0,27219.0,1863.47625267
Bitstamp:BTCUSD,27220.0,27356.0,26625.0,26826.0,2004.38600265
Bitstamp:BTCUSD,26821.0,27300.0,26519.0,27251.0,1671.434456
Bitstamp:BTCUSD,27250.0,27332.0,26937.0,27076.0,772.42193183
Bitstamp:BTCUSD,27072.0,27451.0,26963.0,27125.0,789.8995641
Bitstamp:BTCUSD,27114.0,27138.0,25389.0,25739.0,3837.59032264
Bitstamp:BTCUSD,25730.0,27357.0,25350.0,27236.0,3967.73187674
Bitstamp:BTCUSD,27252.0,27388.0,26140.0,26348.0,2997.52646716
Bitstamp:BTCUSD,26347.0,26809.0,26225.0,26510.0,1530.47048563
Bitstamp:BTCUSD,26507.0,26778.0,26289.0,26484.0,1059.79847008
Bitstamp:BTCUSD,26486.0,26528.0,25420.0,25857.0,3074.54228424
Bitstamp:BTCUSD,25857.0,26209.0,25657.0,25941.0,1020.99238041
Bitstamp:BTCUSD,25940.0,26103.0,25634.0,25906.0,1761.02544893
Bitstamp:BTCUSD,25906.0,26422.0,25718.0,25934.0,1895.99582788
Bitstamp:BTCUSD,25935.0,26078.0,24819.0,25127.0,2747.12869314
Bitstamp:BTCUSD,25125.0,25729.0,24756.0,25573.0,2881.7973886
Bitstamp:BTCUSD,25567.0,26485.0,25188.0,26333.0,2561.76479263
Bitstamp:BTCUSD,26333.0,26785.0,26173.0,26507.0,1155.48522656
Bitstamp:BTCUSD,26513.0,26685.0,26267.0,26340.0,1005.71439822
Bitstamp:BTCUSD,26336.0,27050.0,26260.0,26842.0,1828.96524085
Bitstamp:BTCUSD,26840.0,28441.0,26651.0,28315.0,3123.55765312
Bitstamp:BTCUSD,28316.0,30755.0,28280.0,30009.0,6043.64316714
Bitstamp:BTCUSD,30010.0,30505.0,29600.0,29889.0,3777.60612726
Bitstamp:BTCUSD,29891.0,31458.0,29820.0,30716.0,4388.40051573
Bitstamp:BTCUSD,30703.0,30821.0,30287.0,30548.0,1211.73495461
Bitstamp:BTCUSD,30550.0,31047.0,30295.0,30477.0,1480.27114787
Bitstamp:BTCUSD,30480.0,30657.0,29941.0,30274.0,2062.07924358
Bitstamp:BTCUSD,30278.0,31025.0,30235.0,30696.0,2087.56342994
Bitstamp:BTCUSD,30697.0,30712.0,29868.0,30079.0,1867.54566498
Bitstamp:BTCUSD,30078.0,30825.0,30041.0,30444.0,1925.06697486
Bitstamp:BTCUSD,30445.0,31268.0,29508.0,30469.0,4944.54093815
Bitstamp:BTCUSD,30469.0,30647.0,30321.0,30592.0,603.9348395
Bitstamp:BTCUSD,30590.0,30785.0,30175.0,30616.0,1091.40198046
Bitstamp:BTCUSD,30616.0,31378.0,30587.0,31158.0,1549.49344257
Bitstamp:BTCUSD,31165.0,31327.0,30637.0,30771.0,848.54064618
Bitstamp:BTCUSD,30767.0,30866.0,30206.0,30501.0,1179.48935068
Bitstamp:BTCUSD,30498.0,31500.0,29868.0,29912.0,3090.69951281
Bitstamp:BTCUSD,29901.0,30445.0,29722.0,30348.0,1886.47101822
Bitstamp:BTCUSD,30348.0,30383.0,30056.0,30293.0,602.99398251
Bitstamp:BTCUSD,30293.0,30439.0,30073.0,30167.0,640.48477925
Bitstamp:BTCUSD,30170.0,31037.0,29964.0,30421.0,1899.48550714
Bitstamp:BTCUSD,30417.0,30804.0,30310.0,30621.0,1275.01882493
Bitstamp:BTCUSD,30631.0,30960.0,30219.0,30382.0,1734.61976884
Bitstamp:BTCUSD,30383.0,31818.0,30259.0,31471.0,3038.41085113
Bitstamp:BTCUSD,31474.0,31635.0,29961.0,30331.0,2687.88498106
Bitstamp:BTCUSD,30328.0,30403.0,30260.0,30301.0,483.23087175
Bitstamp:BTCUSD,30300.0,30442.0,30067.0,30253.0,999.67578186
Bitstamp:BTCUSD,30247.0,30341.0,29675.0,30154.0,1810.6123199
Bitstamp:BTCUSD,30144.0,30244.0,29521.0,29868.0,1637.26704348
Bitstamp:BTCUSD,29862.0,30188.0,29757.0,29919.0,1446.88531668
Bitstamp:BTCUSD,29917.0,30414.0,29567.0,29806.0,1431.36195596
Bitstamp:BTCUSD,29806.0,30051.0,29735.0,29908.0,1197.73385418
Bitstamp:BTCUSD,29908.0,29995.0,29640.0,29789.0,630.39179913
Bitstamp:BTCUSD,29790.0,30342.0,29742.0,30085.0,766.46726746
Bitstamp:BTCUSD,30085.0,30099.0,28842.0,29177.0,2817.83813249
Bitstamp:BTCUSD,29176.0,29362.0,29054.0,29224.0,1213.4912944
Bitstamp:BTCUSD,29224.0,29678.0,29100.0,29354.0,1517.24148332
Bitstamp:BTCUSD,29353.0,29563.0,29081.0,29219.0,1313.64370824
Bitstamp:BTCUSD,29214.0,29525.0,29121.0,29317.0,1241.48419113
Bitstamp:BTCUSD,29316.0,29404.0,29251.0,29360.0,402.48554375
Bitstamp:BTCUSD,29360.0,29446.0,29034.0,29279.0,792.17888595
Bitstamp:BTCUSD,29279.0,29511.0,29115.0,29231.0,899.87088387
Bitstamp:BTCUSD,29221.0,29715.0,28574.0,29696.0,2302.7701885
Bitstamp:BTCUSD,29697.0,30025.0,28929.0,29164.0,1990.07126609
Bitstamp:BTCUSD,29157.0,29395.0,28925.0,29176.0,1360.29247134
Bitstamp:BTCUSD,29175.0,29306.0,28784.0,29077.0,1430.63487436
Bitstamp:BTCUSD,29075.0,29107.0,28950.0,29049.0,339.31235387
Bitstamp:BTCUSD,29049.0,29159.0,28962.0,29042.0,494.23722676
Bitstamp:BTCUSD,29041.0,29244.0,28671.0,29181.0,1440.49544476
Bitstamp:BTCUSD,29186.0,30210.0,29107.0,29764.0,2548.24102497
Bitstamp:BTCUSD,29776.0,30119.0,29352.0,29565.0,1342.08176495
Bitstamp:BTCUSD,29565.0,29703.0,29294.0,29423.0,1091.25819091
Bitstamp:BTCUSD,29424.0,29525.0,29222.0,29398.0,839.58343645
Bitstamp:BTCUSD,29398.0,29465.0,29350.0,29415.0,349.63678295
Bitstamp:BTCUSD,29415.0,29443.0,29254.0,29284.0,357.15476053
Bitstamp:BTCUSD,29280.0,29659.0,29086.0,29408.0,1281.1078171
Bitstamp:BTCUSD,29408.0,29455.0,29060.0,29172.0,1081.01044207
Bitstamp:BTCUSD,29171.0,29224.0,28693.0,28701.0,1798.57626891
Bitstamp:BTCUSD,28692.0,28757.0,26266.0,26642.0,4949.55887437
Bitstamp:BTCUSD,26632.0,26813.0,25601.0,26051.0,2640.38265039
Bitstamp:BTCUSD,26051.0,26264.0,25798.0,26097.0,1021.34929591
Bitstamp:BTCUSD,26097.0,26297.0,25979.0,26192.0,711.93303045
Bitstamp:BTCUSD,26193.0,26240.0,25828.0,26125.0,1609.35464365
Bitstamp:BTCUSD,26125.0,26137.0,25350.0,26042.0,1785.60455286
Bitstamp:BTCUSD,26048.0,26800.0,25805.0,26431.0,2472.87903521
Bitstamp:BTCUSD,26429.0,26562.0,25852.0,26168.0,1678.63464089
Bitstamp:BTCUSD,26169.0,26281.0,25748.0,26048.0,1924.7079294
Bitstamp:BTCUSD,26050.0,26102.0,25976.0,26008.0,249.0430185
Bitstamp:BTCUSD,26007.0,26168.0,25962.0,26090.0,399.56936642
Bitstamp:BTCUSD,26087.0,26223.0,25856.0,26103.0,1212.34284122
Bitstamp:BTCUSD,26103.0,28142.0,25913.0,27726.0,4583.2608033
Bitstamp:BTCUSD,27722.0,27757.0,27006.0,27300.0,2085.26596857
Bitstamp:BTCUSD,27302.0,27537.0,25683.0,25932.0,2809.73279445
Bitstamp:BTCUSD,25927.0,26134.0,25333.0,25798.0,1970.6890186
Bitstamp:BTCUSD,25801.0,25980.0,25753.0,25870.0,557.94251336
Bitstamp:BTCUSD,25870.0,26112.0,25807.0,25970.0,720.07015332
Bitstamp:BTCUSD,25972.0,26081.0,25646.0,25819.0,1083.70424928
Bitstamp:BTCUSD,25827.0,25862.0,25547.0,25783.0,1006.71068402
Bitstamp:BTCUSD,25779.0,26000.0,25386.0,25748.0,1278.24852177
Bitstamp:BTCUSD,25750.0,26417.0,25600.0,26245.0,1648.20437861
Bitstamp:BTCUSD,26256.0,26429.0,25652.0,25908.0,1649.47963994
Bitstamp:BTCUSD,25908.0,25927.0,25801.0,25899.0,436.09095941
Bitstamp:BTCUSD,25899.0,26018.0,25588.0,25836.0,876.91159297
Bitstamp:BTCUSD,25839.0,25881.0,24920.0,25155.0,2016.08262659
Bitstamp:BTCUSD,25157.0,26529.0,25129.0,25844.0,3217.86112424
Bitstamp:BTCUSD,25842.0,26395.0,25762.0,26226.0,1566.27845586
Bitstamp:BTCUSD,26229.0,26849.0,26143.0,26529.0,2087.20240343
Bitstamp:BTCUSD,26529.0,26878.0,26228.0,26607.0,1388.80900435
Bitstamp:BTCUSD,26609.0,26767.0,26459.0,26571.0,609.7138034
Bitstamp:BTCUSD,26571.0,26618.0,26414.0,26535.0,522.97891573
Bitstamp:BTCUSD,26533.0,27422.0,26382.0,26770.0,2015.8296667
Bitstamp:BTCUSD,26766.0,27486.0,26682.0,27214.0,1887.58225889
Bitstamp:BTCUSD,27220.0,27389.0,26852.0,27128.0,2264.83849151
Bitstamp:BTCUSD,27124.0,27177.0,26376.0,26563.0,1557.26071207
Bitstamp:BTCUSD,26568.0,26733.0,26479.0,26581.0,683.50013344
Bitstamp:BTCUSD,26577.0,26634.0,26519.0,26583.0,263.32261736
Bitstamp:BTCUSD,26582.0,26730.0,26148.0,26248.0,778.78029835
Bitstamp:BTCUSD,26215.0,26436.0,25977.0,26297.0,1307.38610948
Bitstamp:BTCUSD,26298.0,26386.0,26085.0,26208.0,884.73189615
Bitstamp:BTCUSD,26203.0,26823.0,26095.0,26361.0,1845.69530452
Bitstamp:BTCUSD,26361.0,27297.0,26325.0,27026.0,2763.98728615
Bitstamp:BTCUSD,27029.0,27235.0,26682.0,26911.0,1536.61695525
Bitstamp:BTCUSD,26910.0,27093.0,26884.0,26966.0,532.6068557
Bitstamp:BTCUSD,26965.0,28053.0,26959.0,27995.0,1264.64540463
Bitstamp:BTCUSD,27995.0,28592.0,27333.0,27507.0,2577.97315012
Bitstamp:BTCUSD,27509.0,27670.0,27170.0,27435.0,1304.18286171
Bitstamp:BTCUSD,27431.0,27831.0,27221.0,27790.0,1275.01105837
Bitstamp:BTCUSD,27787.0,28125.0,27369.0,27417.0,1536.57836693
Bitstamp:BTCUSD,27420.0,28301.0,27185.0,27948.0,1718.75354746
Bitstamp:BTCUSD,27945.0,28034.0,27864.0,27971.0,355.00216419
Bitstamp:BTCUSD,27976.0,28104.0,27715.0,27933.0,559.68781341
Bitstamp:BTCUSD,27930.0,27996.0,27280.0,27594.0,1186.72451465
Bitstamp:BTCUSD,27598.0,27733.0,27294.0,27395.0,1183.59102041
Bitstamp:BTCUSD,27394.0,27474.0,26533.0,26874.0,2042.77738655
Bitstamp:BTCUSD,26870.0,26933.0,26545.0,26756.0,1099.91932467
Bitstamp:BTCUSD,26744.0,27108.0,26675.0,26867.0,1292.1314671
Bitstamp:BTCUSD,26867.0,26981.0,26800.0,26855.0,421.71980002
Bitstamp:BTCUSD,26858.0,27299.0,26814.0,27174.0,758.25452068
Bitstamp:BTCUSD,27161.0,29900.0,27123.0,28518.0,4785.38649237
Bitstamp:BTCUSD,28520.0,28627.0,28081.0,28408.0,1864.895187
Bitstamp:BTCUSD,28408.0,28984.0,28156.0,28328.0,1413.07638125
Bitstamp:BTCUSD,28327.0,28916.0,28138.0,28733.0,1547.08584176
Bitstamp:BTCUSD,28734.0,30233.0,28595.0,29688.0,2771.88633929
Bitstamp:BTCUSD,29682.0,30364.0,29483.0,29927.0,918.26190297
Bitstamp:BTCUSD,29921.0,30247.0,29678.0,30002.0,921.90910142
Bitstamp:BTCUSD,30007.0,34283.0,29898.0,33074.0,5126.76615313
Bitstamp:BTCUSD,33090.0,35198.0,32852.0,33917.0,5503.08137935
Bitstamp:BTCUSD,33928.0,35138.0,33686.0,34498.0,2514.83797747
Bitstamp:BTCUSD,34494.0,34834.0,33738.0,34165.0,2077.76669101
Bitstamp:BTCUSD,34148.0,34245.0,33407.0,33906.0,2094.03774293
Bitstamp:BTCUSD,33902.0,34506.0,33878.0,34091.0,772.85563761
Bitstamp:BTCUSD,34090.0,34755.0,33945.0,34538.0,949.33336318
Bitstamp:BTCUSD,34549.0,34860.0,34095.0,34495.0,1843.15676539
Bitstamp:BTCUSD,34489.0,34730.0,34061.0,34661.0,1565.33902452
Bitstamp:BTCUSD,34667.0,35612.0,34102.0,35440.0,2098.16618447
Bitstamp:BTCUSD,35440.0,35968.0,34320.0,34937.0,1636.75756043
Bitstamp:BTCUSD,34947.0,34947.0,34132.0,34727.0,1346.47339593
Bitstamp:BTCUSD,34734.0,35276.0,34609.0,35086.0,789.13294208
Bitstamp:BTCUSD,35086.0,35396.0,34495.0,35045.0,816.1044247
Bitstamp:BTCUSD,35043.0,35290.0,34766.0,35042.0,1069.01973133
Bitstamp:BTCUSD,35061.0,35891.0,34530.0,35414.0,1785.96420873
Bitstamp:BTCUSD,35417.0,36150.0,35111.0,35640.0,1358.16261823
Bitstamp:BTCUSD,35633.0,37978.0,35578.0,36693.0,3011.38036266
Bitstamp:BTCUSD,36700.0,37558.0,36343.0,37319.0,1622.63844082
Bitstamp:BTCUSD,37350.0,37422.0,36673.0,37152.0,808.30673359
Bitstamp:BTCUSD,37136.0,37237.0,36758.0,37086.0,549.56241452
Bitstamp:BTCUSD,37085.0,37421.0,36355.0,36485.0,1510.51918187
Bitstamp:BTCUSD,36474.0,36749.0,35002.0,35564.0,1717.05939467
Bitstamp:BTCUSD,35558.0,37975.0,35378.0,37877.0,2493.86082433
Bitstamp:BTCUSD,37886.0,37960.0,35539.0,36165.0,2074.97812228
Bitstamp:BTCUSD,36167.0,36800.0,35891.0,36625.0,1897.08043126
Bitstamp:BTCUSD,36626.0,36851.0,36211.0,36590.0,600.63676547
Bitstamp:BTCUSD,36591.0,37520.0,36420.0,37426.0,1248.86330778
Bitstamp:BTCUSD,37426.0,37769.0,36716.0,37480.0,2466.92303789
Bitstamp:BTCUSD,37473.0,37664.0,35758.0,35758.0,2636.34932418
Bitstamp:BTCUSD,35762.0,37865.0,35651.0,37424.0,2070.17459368
Bitstamp:BTCUSD,37432.0,37649.0,36886.0,37301.0,1022.48294624
Bitstamp:BTCUSD,37312.0,38437.0,37266.0,37746.0,1802.03174883
Bitstamp:BTCUSD,37750.0,37908.0,37619.0,37809.0,420.03700069
Bitstamp:BTCUSD,37811.0,37837.0,37173.0,37460.0,956.68366321
Bitstamp:BTCUSD,37467.0,37574.0,36727.0,37240.0,1461.30815081
Bitstamp:BTCUSD,37256.0,38420.0,36883.0,37839.0,2930.41800299
Bitstamp:BTCUSD,37842.0,38457.0,37597.0,37863.0,1596.97584281
Bitstamp:BTCUSD,37864.0,38173.0,37510.0,37719.0,1238.61641697
Bitstamp:BTCUSD,37731.0,39000.0,37628.0,38707.0,1584.77621912
Bitstamp:BTCUSD,38707.0,39725.0,38663.0,39474.0,1009.37914772
Bitstamp:BTCUSD,39474.0,40210.0,39304.0,39989.0,1030.43113816
Bitstamp:BTCUSD,39988.0,42404.0,39988.0,41985.0,2457.14266074
Bitstamp:BTCUSD,41979.0,44490.0,41415.0,44075.0,2381.71882149
Bitstamp:BTCUSD,44087.0,44282.0,43419.0,43764.0,1590.97545348
Bitstamp:BTCUSD,43764.0,44044.0,42849.0,43291.0,1508.65627067
Bitstamp:BTCUSD,43296.0,44729.0,43078.0,44193.0,1710.26021181
Bitstamp:BTCUSD,44210.0,44362.0,43605.0,43712.0,1039.35957631
Bitstamp:BTCUSD,43710.0,44038.0,43582.0,43786.0,872.82567587
Bitstamp:BTCUSD,43786.0,43801.0,40181.0,41242.0,4261.48533556
Bitstamp:BTCUSD,41232.0,42071.0,40649.0,41458.0,1611.12510587
Bitstamp:BTCUSD,41483.0,43440.0,40589.0,42888.0,2644.83644066
Bitstamp:BTCUSD,42899.0,43409.0,41509.0,43031.0,2002.0792629
Bitstamp:BTCUSD,43047.0,43082.0,41664.0,41925.0,1753.91862839
Bitstamp:BTCUSD,41926.0,42676.0,41639.0,42246.0,702.47727547
Bitstamp:BTCUSD,42228.0,42364.0,41266.0,41345.0,1243.73857049
Bitstamp:BTCUSD,41337.0,42732.0,40513.0,42650.0,2330.26582426
Bitstamp:BTCUSD,42664.0,43456.0,41794.0,42258.0,2275.99334212
Bitstamp:BTCUSD,42257.0,44291.0,42207.0,43665.0,2554.20268131
Bitstamp:BTCUSD,43667.0,44240.0,43305.0,43873.0,1843.05224824
Bitstamp:BTCUSD,43871.0,44409.0,43430.0,44002.0,1262.6906742
Bitstamp:BTCUSD,44011.0,44027.0,43347.0,43733.0,762.80816546
Bitstamp:BTCUSD,43730.0,43954.0,42700.0,43033.0,934.47643082
Bitstamp:BTCUSD,43015.0,43807.0,42771.0,43591.0,808.86227682
Bitstamp:BTCUSD,43587.0,43605.0,41639.0,42510.0,2473.13499602
Bitstamp:BTCUSD,42511.0,43698.0,42121.0,43473.0,2029.37372014
Bitstamp:BTCUSD,43468.0,43812.0,42288.0,42583.0,1411.17264184
Bitstamp:BTCUSD,42587.0,43128.0,41306.0,42072.0,2740.01043427
Bitstamp:BTCUSD,42069.0,42599.0,41529.0,42148.0,931.22212329
Bitstamp:BTCUSD,42148.0,42867.0,41976.0,42258.0,1192.72615807
Bitstamp:BTCUSD,42258.0,44192.0,42188.0,44187.0,1633.49861779
Bitstamp:BTCUSD,44187.0,45922.0,44167.0,44970.0,3931.57911761
Bitstamp:BTCUSD,44972.0,45510.0,41454.0,42865.0,3980.8280561
Bitstamp:BTCUSD,42863.0,44795.0,42656.0,44186.0,2918.11934919
Bitstamp:BTCUSD,44195.0,44366.0,42500.0,44184.0,3155.46601801
Bitstamp:BTCUSD,44189.0,44253.0,43440.0,43999.0,980.53783688
Bitstamp:BTCUSD,43988.0,44500.0,43636.0,43944.0,1747.20881796
Bitstamp:BTCUSD,43936.0,47281.0,43213.0,46995.0,3547.40027347
Bitstamp:BTCUSD,47012.0,47897.0,44903.0,46124.0,4033.08422428
Bitstamp:BTCUSD,46103.0,47751.0,44304.0,46681.0,4041.55249105
Bitstamp:BTCUSD,46678.0,49048.0,45600.0,46360.0,4473.66820121
Bitstamp:BTCUSD,46343.0,46516.0,41509.0,42778.0,5206.89076802
Bitstamp:BTCUSD,42772.0,43246.0,42440.0,42843.0,1045.15461483
Bitstamp:BTCUSD,42834.0,43060.0,41704.0,41715.0,1246.06284166
Bitstamp:BTCUSD,41701.0,43324.0,41680.0,42493.0,1443.92059791
Bitstamp:BTCUSD,42483.0,43566.0,42056.0,43131.0,2315.62294772
Bitstamp:BTCUSD,43128.0,43187.0,42172.0,42738.0,1669.71805706
Bitstamp:BTCUSD,42738.0,42871.0,40600.0,41283.0,2233.62523855
Bitstamp:BTCUSD,41250.0,42152.0,40258.0,41628.0,2637.87840623
Bitstamp:BTCUSD,41622.0,41854.0,41428.0,41673.0,751.43386965
Bitstamp:BTCUSD,41658.0,41849.0,41485.0,41560.0,466.94666893
Bitstamp:BTCUSD,41555.0,41649.0,39437.0,39528.0,3032.78218553
Bitstamp:BTCUSD,39515.0,40133.0,38505.0,39868.0,2741.44426777
Bitstamp:BTCUSD,39849.0,40515.0,39461.0,40074.0,2648.46142608
Bitstamp:BTCUSD,40074.0,40278.0,39531.0,39916.0,2296.47348653
Bitstamp:BTCUSD,39929.0,42233.0,39808.0,41818.0,3525.68226372
Bitstamp:BTCUSD,41817.0,42187.0,41396.0,42124.0,788.19903211
Bitstamp:BTCUSD,42126.0,42824.0,41629.0,42026.0,1354.31455222
Bitstamp:BTCUSD,42027.0,43305.0,41804.0,43305.0,2305.13461431
Bitstamp:BTCUSD,43302.0,43853.0,42692.0,42946.0,2293.06594102
Bitstamp:BTCUSD,42945.0,43738.0,42264.0,42558.0,3286.47977633
Bitstamp:BTCUSD,42548.0,43263.0,41859.0,43071.0,1870.52097244
Bitstamp:BTCUSD,43075.0,43451.0,42538.0,43183.0,1896.67516524
Bitstamp:BTCUSD,43183.0,43352.0,42876.0,42994.0,759.46228085
Bitstamp:BTCUSD,42991.0,43097.0,42243.0,42570.0,774.85212096
Bitstamp:BTCUSD,42568.0,43515.0,42244.0,42659.0,2029.09192619
Bitstamp:BTCUSD,42657.0,43366.0,42521.0,43092.0,1541.85229531
Bitstamp:BTCUSD,43093.0,44389.0,42764.0,44346.0,1666.78621772
Bitstamp:BTCUSD,44342.0,45587.0,44325.0,45300.0,3048.33688755
Bitstamp:BTCUSD,45299.0,48201.0,45252.0,47161.0,3266.19940359
Bitstamp:BTCUSD,47156.0,48186.0,46894.0,47770.0,1059.76317922
Bitstamp:BTCUSD,47770.0,48601.0,47593.0,48313.0,950.74155544
Bitstamp:BTCUSD,48313.0,50333.0,47720.0,49937.0,2591.29255741
Bitstamp:BTCUSD,49937.0,50385.0,48325.0,49720.0,2127.3979635
Bitstamp:BTCUSD,49728.0,52093.0,49267.0,51844.0,2470.06233311
Bitstamp:BTCUSD,51841.0,52884.0,51364.0,51942.0,2580.64668239
Bitstamp:BTCUSD,51935.0,52600.0,51615.0,52161.0,1766.37120764
Bitstamp:BTCUSD,52163.0,52210.0,50647.0,51664.0,999.96707794
Bitstamp:BTCUSD,51661.0,52393.0,51196.0,52130.0,925.21142925
Bitstamp:BTCUSD,52155.0,52496.0,51694.0,51789.0,1123.41042877
Bitstamp:BTCUSD,51776.0,53015.0,50770.0,52275.0,2464.04913744
Bitstamp:BTCUSD,52272.0,52397.0,50611.0,51843.0,2252.9078781
Bitstamp:BTCUSD,51857.0,52049.0,50921.0,51253.0,2025.24575372
Bitstamp:BTCUSD,51252.0,51507.0,50519.0,50743.0,1923.68472986
Bitstamp:BTCUSD,50738.0,51683.0,50581.0,51562.0,508.41676974
Bitstamp:BTCUSD,51564.0,51958.0,51282.0,51722.0,587.08498174
Bitstamp:BTCUSD,51738.0,54969.0,50909.0,54524.0,2566.50806379
Bitstamp:BTCUSD,54534.0,57615.0,54500.0,57068.0,4197.17042096
Bitstamp:BTCUSD,57065.0,64000.0,56724.0,62512.0,5991.00971487
Bitstamp:BTCUSD,62512.0,63684.0,60365.0,61161.0,4398.26024998
Bitstamp:BTCUSD,61161.0,63265.0,60801.0,62444.0,2116.10682875
Bitstamp:BTCUSD,62433.0,62488.0,61645.0,62042.0,856.50253451
Bitstamp:BTCUSD,62034.0,63249.0,61402.0,63142.0,1242.8927295
Bitstamp:BTCUSD,63140.0,68577.0,62376.0,68359.0,4423.23610151
Bitstamp:BTCUSD,68359.0,69210.0,59313.0,63796.0,7391.4541923
Bitstamp:BTCUSD,63815.0,67645.0,62843.0,66120.0,4235.32811565
Bitstamp:BTCUSD,66124.0,68061.0,65623.0,66941.0,3308.34982817
Bitstamp:BTCUSD,66928.0,70184.0,66264.0,68285.0,4423.05734977
Bitstamp:BTCUSD,68285.0,68685.0,68053.0,68463.0,831.75177152
Bitstamp:BTCUSD,68464.0,69999.0,68196.0,69026.0,1987.10943818
Bitstamp:BTCUSD,69013.0,72910.0,67120.0,72118.0,5028.35031787
Bitstamp:BTCUSD,72105.0,73054.0,68636.0,71473.0,4051.75855118
Bitstamp:BTCUSD,71473.0,73679.0,71340.0,73121.0,3647.59207209
Bitstamp:BTCUSD,73130.0,73794.0,68555.0,71371.0,4144.37504552
Bitstamp:BTCUSD,71387.0,72415.0,65569.0,69516.0,4952.41009755
Bitstamp:BTCUSD,69505.0,70069.0,64780.0,65248.0,2215.16496436
Bitstamp:BTCUSD,65245.0,68867.0,64522.0,68352.0,2040.41028069
Bitstamp:BTCUSD,68344.0,68902.0,66585.0,67613.0,2891.66816826
Bitstamp:BTCUSD,67603.0,68123.0,61447.0,61897.0,5318.12575849
Bitstamp:BTCUSD,61919.0,68168.0,60760.0,67872.0,4989.90151203
Bitstamp:BTCUSD,67842.0,68249.0,64537.0,65485.0,2935.80449282
Bitstamp:BTCUSD,65477.0,66631.0,62332.0,63807.0,2420.55836222
Bitstamp:BTCUSD,63812.0,66027.0,63016.0,64001.0,1252.51357681
Bitstamp:BTCUSD,64007.0,67613.0,63807.0,67188.0,1391.92005712
Bitstamp:BTCUSD,67208.0,71213.0,66407.0,69898.0,3049.19168605
Bitstamp:BTCUSD,69889.0,71572.0,69257.0,69997.0,2479.94799343
Bitstamp:BTCUSD,69999.0,71754.0,68362.0,69421.0,2306.37023009
Bitstamp:BTCUSD,69406.0,71587.0,68863.0,70803.0,2146.14929567
Bitstamp:BTCUSD,70769.0,70929.0,69073.0,69903.0,1131.13270761
Bitstamp:BTCUSD,69934.0,70344.0,69586.0,69613.0,589.84093164
Bitstamp:BTCUSD,69616.0,71391.0,69594.0,71285.0,857.97967024
Bitstamp:BTCUSD,71296.0,71296.0,68073.0,69699.0,2032.76552736
Bitstamp:BTCUSD,69694.0,69706.0,64545.0,65469.0,3531.6205486
Bitstamp:BTCUSD,65471.0,66942.0,64511.0,65988.0,1876.12270366
Bitstamp:BTCUSD,65984.0,69328.0,65100.0,68538.0,2332.36734433
Bitstamp:BTCUSD,68522.0,68767.0,65999.0,67857.0,2200.99431004
Bitstamp:BTCUSD,67851.0,69680.0,67476.0,68917.0,729.56296087
Bitstamp:BTCUSD,68907.0,70310.0,68858.0,69358.0,1123.92861936
Bitstamp:BTCUSD,69336.0,72756.0,69073.0,71613.0,2247.97574988
Bitstamp:BTCUSD,71623.0,71748.0,68217.0,69135.0,2320.07201561
Bitstamp:BTCUSD,69100.0,71150.0,67482.0,70630.0,2494.31665671
Bitstamp:BTCUSD,70638.0,71287.0,69555.0,70015.0,1976.13409975
Bitstamp:BTCUSD,70019.0,71236.0,65230.0,67150.0,2855.3300716
Bitstamp:BTCUSD,67146.0,67930.0,61308.0,64054.0,3638.57218138
Bitstamp:BTCUSD,64039.0,65859.0,62162.0,65749.0,2675.95110563
Bitstamp:BTCUSD,65748.0,66900.0,62340.0,63438.0,2619.50946939
Bitstamp:BTCUSD,63467.0,64376.0,61654.0,63830.0,2685.27308755
Bitstamp:BTCUSD,63821.0,64636.0,59672.0,61278.0,3227.19219541
Bitstamp:BTCUSD,61256.0,64182.0,60830.0,63515.0,2353.15232284
Bitstamp:BTCUSD,63512.0,65506.0,59629.0,63821.0,3756.32419865
Bitstamp:BTCUSD,63847.0,65450.0,63136.0,64990.0,1178.86192275
Bitstamp:BTCUSD,64978.0,65710.0,64294.0,64950.0,871.65106463
Bitstamp:BTCUSD,64951.0,67241.0,64545.0,66855.0,2019.58758121
Bitstamp:BTCUSD,66845.0,67201.0,65837.0,66421.0,1200.34622413
Bitstamp:BTCUSD,66413.0,67057.0,63554.0,64259.0,2072.24874267
Bitstamp:BTCUSD,64254.0,65286.0,62785.0,64493.0,1851.69406596
Bitstamp:BTCUSD,64488.0,64793.0,63306.0,63745.0,1213.85952947
Bitstamp:BTCUSD,63746.0,63903.0,62405.0,63429.0,833.17012398
Bitstamp:BTCUSD,63417.0,64310.0,62811.0,63098.0,807.23701868
Bitstamp:BTCUSD,63106.0,64181.0,61764.0,63832.0,1496.50152656
Bitstamp:BTCUSD,63849.0,64714.0,59068.0,60632.0,2740.34760244
Bitstamp:BTCUSD,60611.0,60786.0,56500.0,58256.0,3523.30096206
Bitstamp:BTCUSD,58272.0,59623.0,56932.0,59099.0,1700.0955159
Bitstamp:BTCUSD,59076.0,63340.0,58829.0,62915.0,2560.04273729
Bitstamp:BTCUSD,62907.0,64522.0,62585.0,63899.0,1400.47938778
Bitstamp:BTCUSD,63901.0,64625.0,62947.0,64021.0,919.29797172
Bitstamp:BTCUSD,64024.0,65513.0,62720.0,63164.0,1643.15686335
Bitstamp:BTCUSD,63159.0,64389.0,62278.0,62320.0,1357.13948345
Bitstamp:BTCUSD,62310.0,62996.0,60873.0,61181.0,1469.20210523
Bitstamp:BTCUSD,61143.0,63409.0,60634.0,63075.0,1386.15467473
Bitstamp:BTCUSD,63072.0,63876.0,60176.0,60793.0,2229.56085163
Bitstamp:BTCUSD,60799.0,61454.0,60474.0,60816.0,516.41893738
Bitstamp:BTCUSD,60813.0,61848.0,60600.0,61462.0,638.44732414
Bitstamp:BTCUSD,61446.0,63444.0,60758.0,62934.0,1831.88901336
Bitstamp:BTCUSD,62917.0,63075.0,61108.0,61543.0,1560.7659125
Bitstamp:BTCUSD,61552.0,66471.0,61322.0,66242.0,3794.61266735
Bitstamp:BTCUSD,66234.0,66766.0,64598.0,65252.0,1759.82113451
Bitstamp:BTCUSD,65252.0,67482.0,65129.0,67053.0,1703.98497047
Bitstamp:BTCUSD,67059.0,67391.0,66663.0,66930.0,526.31056179
Bitstamp:BTCUSD,66923.0,67654.0,65901.0,66275.0,535.79306702
Bitstamp:BTCUSD,66255.0,71500.0,66074.0,71401.0,2681.31745309
Bitstamp:BTCUSD,71435.0,71958.0,69156.0,70136.0,1968.84633605
Bitstamp:BTCUSD,70155.0,70649.0,68879.0,69118.0,1537.25078005
Bitstamp:BTCUSD,69151.0,70024.0,66343.0,67945.0,2160.78304618
Bitstamp:BTCUSD,67915.0,69254.0,66623.0,68548.0,1132.91119417
Bitstamp:BTCUSD,68549.0,69580.0,68503.0,69275.0,499.49995762
Bitstamp:BTCUSD,69288.0,69500.0,68136.0,68489.0,610.501155
Bitstamp:BTCUSD,68471.0,70601.0,68225.0,69392.0,1406.51067265
Bitstamp:BTCUSD,69363.0,69513.0,67193.0,68327.0,2285.11775116
Bitstamp:BTCUSD,68347.0,68852.0,67096.0,67564.0,1273.08586449
Bitstamp:BTCUSD,67566.0,69524.0,67105.0,68338.0,1757.50551322
Bitstamp:BTCUSD,68330.0,69010.0,66624.0,67477.0,1880.05905818
Bitstamp:BTCUSD,67513.0,67810.0,67387.0,67723.0,368.62403719
Bitstamp:BTCUSD,67722.0,68405.0,67281.0,67752.0,544.3606243
Bitstamp:BTCUSD,67744.0,70268.0,67590.0,68801.0,2391.37592427
Bitstamp:BTCUSD,68798.0,71074.0,68553.0,70564.0,2051.63351034
Bitstamp:BTCUSD,70546.0,71759.0,69600.0,71119.0,2051.7699104
Bitstamp:BTCUSD,71109.0,71629.0,70116.0,70775.0,1673.76086776
Bitstamp:BTCUSD,70771.0,71949.0,68450.0,69326.0,3140.9712716
Bitstamp:BTCUSD,69321.0,69538.0,69150.0,69306.0,428.02241418
Bitstamp:BTCUSD,69306.0,69840.0,69131.0,69640.0,464.35226548
Bitstamp:BTCUSD,69649.0,70167.0,69173.0,69501.0,830.15464417
Bitstamp:BTCUSD,69506.0,69548.0,66011.0,67306.0,2436.68224536
Bitstamp:BTCUSD,67306.0,70007.0,66911.0,68243.0,2448.03512812
Bitstamp:BTCUSD,68240.0,68433.0,66242.0,66733.0,1996.6514887
Bitstamp:BTCUSD,66765.0,67314.0,64936.0,65996.0,2391.47091898
Bitstamp:BTCUSD,65995.0,66415.0,65828.0,66182.0,659.40470208
Bitstamp:BTCUSD,66181.0,66914.0,66010.0,66622.0,738.0346897
Bitstamp:BTCUSD,66622.0,67260.0,65066.0,66475.0,2463.1706555
Bitstamp:BTCUSD,66475.0,66559.0,64032.0,65145.0,2210.63862227
Bitstamp:BTCUSD,65141.0,65702.0,64664.0,64946.0,927.57952823
Bitstamp:BTCUSD,64947.0,66455.0,64516.0,64845.0,2185.32362168
Bitstamp:BTCUSD,64841.0,65004.0,63356.0,64102.0,1656.40021868
Bitstamp:BTCUSD,64116.0,64491.0,63917.0,64233.0,277.84084542
Bitstamp:BTCUSD,64245.0,64490.0,63136.0,63154.0,633.14997106
Bitstamp:BTCUSD,63152.0,63302.0,58456.0,60252.0,3965.34722322
Bitstamp:BTCUSD,60250.0,62395.0,60223.0,61789.0,2662.52829079
Bitstamp:BTCUSD,61798.0,62458.0,60675.0,60807.0,1393.97630855
Bitstamp:BTCUSD,60820.0,62323.0,60561.0,61622.0,1601.19033975
Bitstamp:BTCUSD,61609.0,62151.0,59923.0,60315.0,1742.50478624
Bitstamp:BTCUSD,60312.0,61114.0,60296.0,60879.0,580.79352981
Bitstamp:BTCUSD,60882.0,62931.0,60620.0,62676.0,969.08894969
Bitstamp:BTCUSD,62676.0,63794.0,62465.0,62829.0,1936.67850292
Bitstamp:BTCUSD,62822.0,63211.0,61731.0,62033.0,1129.73936644
Bitstamp:BTCUSD,62046.0,62196.0,59334.0,60142.0,2033.0635548
Bitstamp:BTCUSD,60165.0,60430.0,56748.0,57045.0,2423.25294936
Bitstamp:BTCUSD,57030.0,57500.0,53550.0,56632.0,3234.2285631
Bitstamp:BTCUSD,56632.0,58488.0,56044.0,58251.0,1203.36563905
Bitstamp:BTCUSD,58253.0,58441.0,55729.0,55829.0,1080.88868598
Bitstamp:BTCUSD,55852.0,58200.0,54296.0,56710.0,3198.87849576
Bitstamp:BTCUSD,56697.0,58278.0,56300.0,58033.0,2404.8989309
Bitstamp:BTCUSD,58028.0,59459.0,57152.0,57733.0,1861.63028273
Bitstamp:BTCUSD,57700.0,59516.0,57072.0,57348.0,2085.43922834
Bitstamp:BTCUSD,57345.0,58539.0,56551.0,57889.0,2139.09979841
Bitstamp:BTCUSD,57907.0,59853.0,57783.0,59226.0,1402.77014751
Bitstamp:BTCUSD,59257.0,61424.0,59257.0,60823.0,1472.24156208
Bitstamp:BTCUSD,60827.0,64926.0,60685.0,64769.0,3739.21959674
Bitstamp:BTCUSD,64759.0,65403.0,62446.0,65081.0,3199.09903583
Bitstamp:BTCUSD,65081.0,66129.0,63890.0,64091.0,1880.49090986
Bitstamp:BTCUSD,64104.0,65108.0,63227.0,63964.0,1526.40752618
Bitstamp:BTCUSD,63977.0,67466.0,63303.0,66705.0,3112.2854205
Bitstamp:BTCUSD,66705.0,67617.0,66284.0,67155.0,1186.52410101
Bitstamp:BTCUSD,67164.0,68364.0,65833.0,68158.0,1881.46231613
Bitstamp:BTCUSD,68170.0,68486.0,66583.0,67562.0,2375.20572016
Bitstamp:BTCUSD,67561.0,67776.0,65452.0,65944.0,2417.1788543
Bitstamp:BTCUSD,65943.0,67112.0,65117.0,65376.0,1796.81531975
Bitstamp:BTCUSD,65363.0,66135.0,63424.0,65796.0,2022.66213353
Bitstamp:BTCUSD,65794.0,68214.0,65712.0,67921.0,1786.03393977
Bitstamp:BTCUSD,67952.0,69404.0,66637.0,67892.0,1875.17940599
Bitstamp:BTCUSD,67837.0,68298.0,67064.0,68264.0,861.95803297
Bitstamp:BTCUSD,68240.0,70016.0,66445.0,66780.0,2363.69521213
Bitstamp:BTCUSD,66765.0,66983.0,65302.0,66171.0,1561.0859685
Bitstamp:BTCUSD,66170.0,66814.0,64507.0,64612.0,1629.25774256
Bitstamp:BTCUSD,64612.0,65568.0,62233.0,65293.0,2890.60704678
Bitstamp:BTCUSD,65293.0,65548.0,61169.0,61421.0,3479.04685468
Bitstamp:BTCUSD,61419.0,62151.0,59839.0,60672.0,1821.49896119
Bitstamp:BTCUSD,60669.0,61073.0,57155.0,58142.0,2394.63310114
Bitstamp:BTCUSD,58137.0,58280.0,49577.0,54014.0,8238.87212141
Bitstamp:BTCUSD,54040.0,57058.0,53977.0,56053.0,3769.72498337
Bitstamp:BTCUSD,56048.0,57737.0,54568.0,55136.0,3993.76663285
Bitstamp:BTCUSD,55132.0,62729.0,54748.0,61699.0,3876.67202263
Bitstamp:BTCUSD,61733.0,61740.0,59571.0,60860.0,2241.31073361
Bitstamp:BTCUSD,60842.0,61476.0,60270.0,60952.0,1018.51751275
Bitstamp:BTCUSD,60940.0,61868.0,58315.0,58725.0,1496.95386612
Bitstamp:BTCUSD,58718.0,60700.0,57681.0,59362.0,3412.56068233
Bitstamp:BTCUSD,59361.0,61600.0,58455.0,60620.0,2874.93115361
Bitstamp:BTCUSD,60607.0,61809.0,58456.0,58697.0,3027.98966223
Bitstamp:BTCUSD,58694.0,59851.0,56138.0,57557.0,3240.34341745
Bitstamp:BTCUSD,57556.0,59841.0,57104.0,58883.0,2945.17331922
Bitstamp:BTCUSD,58883.0,59704.0,58828.0,59487.0,913.41960834
Bitstamp:BTCUSD,59487.0,60271.0,58414.0,58430.0,1375.04482657
Bitstamp:BTCUSD,58440.0,59631.0,57844.0,59497.0,2045.09787264
Bitstamp:BTCUSD,59462.0,61424.0,58553.0,59012.0,2569.3787569
Bitstamp:BTCUSD,59012.0,61838.0,58816.0,61159.0,2508.01462281
Bitstamp:BTCUSD,61169.0,61416.0,59774.0,60383.0,1928.87061487
Bitstamp:BTCUSD,60383.0,64988.0,60348.0,64085.0,3470.07123728
Bitstamp:BTCUSD,64095.0,64506.0,63594.0,64174.0,1163.89809817
Bitstamp:BTCUSD,64176.0,65103.0,63814.0,64262.0,918.66616491
Bitstamp:BTCUSD,64248.0,64502.0,62826.0,62852.0,1460.73492982
Bitstamp:BTCUSD,62822.0,63236.0,58090.0,59427.0,2540.60072662
Bitstamp:BTCUSD,59433.0,60212.0,57866.0,59033.0,2782.47691366
Bitstamp:BTCUSD,59033.0,61182.0,58701.0,59365.0,2511.22388288
Bitstamp:BTCUSD,59363.0,59905.0,57721.0,59113.0,2039.74822306
Bitstamp:BTCUSD,59113.0,59431.0,58750.0,58967.0,738.75417566
Bitstamp:BTCUSD,58967.0,59060.0,57205.0,57310.0,1650.43196007
Bitstamp:BTCUSD,57278.0,59411.0,57131.0,59133.0,1642.91265395
Bitstamp:BTCUSD,59123.0,59803.0,57402.0,57493.0,1476.93516508
Bitstamp:BTCUSD,57506.0,58518.0,55602.0,57956.0,2077.78659826
Bitstamp:BTCUSD,57974.0,58315.0,55649.0,56158.0,1485.69244111
Bitstamp:BTCUSD,56179.0,56984.0,52546.0,53955.0,2938.3981761
Bitstamp:BTCUSD,53947.0,54839.0,53731.0,54147.0,1046.863932
Bitstamp:BTCUSD,54150.0,55306.0,53636.0,54866.0,1238.32664936
Bitstamp:BTCUSD,54876.0,58070.0,54587.0,57059.0,2644.12002332
Bitstamp:BTCUSD,57056.0,58042.0,56406.0,57659.0,1878.56149502
Bitstamp:BTCUSD,57646.0,58000.0,55554.0,57342.0,3024.35845323
Bitstamp:BTCUSD,57342.0,58560.0,57335.0,58139.0,2392.01885139
Bitstamp:BTCUSD,58139.0,60670.0,57640.0,60545.0,2622.28151587
Bitstamp:BTCUSD,60551.0,60655.0,59438.0,60012.0,744.81553897
Bitstamp:BTCUSD,60012.0,60388.0,58708.0,59130.0,1377.74274665
Bitstamp:BTCUSD,59121.0,59209.0,57488.0,58212.0,1692.12077561
Bitstamp:BTCUSD,58208.0,61331.0,57627.0,60316.0,2677.19875968
Bitstamp:BTCUSD,60318.0,61787.0,59189.0,61757.0,3237.8308454
Bitstamp:BTCUSD,61765.0,63882.0,61584.0,62940.0,3050.81602877
Bitstamp:BTCUSD,62950.0,64121.0,62353.0,63211.0,1646.72507369
Bitstamp:BTCUSD,63189.0,63574.0,62760.0,63364.0,578.82075001
Bitstamp:BTCUSD,63364.0,63990.0,62390.0,63563.0,932.57108331
Bitstamp:BTCUSD,63577.0,64730.0,62585.0,63325.0,1113.07851811
Bitstamp:BTCUSD,63360.0,64677.0,62720.0,64260.0,1621.50232416
Bitstamp:BTCUSD,64291.0,64795.0,62941.0,63147.0,1172.76426267
Bitstamp:BTCUSD,63121.0,65851.0,62675.0,65175.0,1758.77420578
Bitstamp:BTCUSD,65171.0,66508.0,64840.0,65781.0,1261.81543351
Bitstamp:BTCUSD,65809.0,66255.0,65442.0,65876.0,557.50374744
Bitstamp:BTCUSD,65875.0,66071.0,65450.0,65601.0,487.19186994
Bitstamp:BTCUSD,65605.0,65634.0,62859.0,63302.0,1759.70729545
Bitstamp:BTCUSD,63331.0,64122.0,60164.0,60807.0,2797.97709897
Bitstamp:BTCUSD,60760.0,62350.0,59972.0,60634.0,2437.72512955
Bitstamp:BTCUSD,60627.0,61461.0,59860.0,60745.0,1412.60368684
Bitstamp:BTCUSD,60747.0,62473.0,60474.0,62081.0,1394.47802907
Bitstamp:BTCUSD,62080.0,62368.0,61699.0,62063.0,449.65424183
Bitstamp:BTCUSD,62057.0,62962.0,61816.0,62814.0,846.73208591
Bitstamp:BTCUSD,62831.0,64444.0,62130.0,62212.0,1815.26837202
Bitstamp:BTCUSD,62211.0,63172.0,61839.0,62133.0,1116.30278349
Bitstamp:BTCUSD,62114.0,62503.0,60268.0,60582.0,1354.90943313
Bitstamp:BTCUSD,60589.0,61246.0,58867.0,60278.0,1799.48728956
Bitstamp:BTCUSD,60278.0,63409.0,60041.0,62452.0,1582.70508322
Bitstamp:BTCUSD,62511.0,63455.0,62474.0,63194.0,685.69286582
Bitstamp:BTCUSD,63193.0,63271.0,62039.0,62849.0,653.16610878
Bitstamp:BTCUSD,62850.0,66479.0,62450.0,66070.0,2390.38938585
Bitstamp:BTCUSD,66070.0,67922.0,64802.0,67061.0,2488.99178965
Bitstamp:BTCUSD,67061.0,68388.0,66744.0,67622.0,1716.95969807
Bitstamp:BTCUSD,67608.0,67914.0,66631.0,67392.0,1298.22146294
Bitstamp:BTCUSD,67392.0,68998.0,67176.0,68420.0,1434.33126968
Bitstamp:BTCUSD,68420.0,68668.0,68020.0,68359.0,414.91156597
Bitstamp:BTCUSD,68367.0,69363.0,68102.0,69011.0,606.10309373
Bitstamp:BTCUSD,69011.0,69487.0,66815.0,67340.0,1752.72054327
Bitstamp:BTCUSD,67345.0,67784.0,66559.0,67382.0,1626.8596456
Bitstamp:BTCUSD,67382.0,67409.0,65000.0,66601.0,1927.84170953
Bitstamp:BTCUSD,66602.0,68800.0,66455.0,68155.0,2140.08818467
Bitstamp:BTCUSD,68155.0,68726.0,65521.0,66578.0,2730.81362994
Bitstamp:BTCUSD,66576.0,67352.0,66344.0,67003.0,484.22135264
Bitstamp:BTCUSD,67009.0,68232.0,66850.0,67938.0,739.97895752
Bitstamp:BTCUSD,67937.0,70218.0,67541.0,69918.0,2063.86332457
Bitstamp:BTCUSD,69918.0,73600.0,69716.0,72729.0,3975.6902031
Bitstamp:BTCUSD,72727.0,72928.0,71313.0,72331.0,2263.68354591
Bitstamp:BTCUSD,72330.0,72660.0,69591.0,70231.0,1776.40915493
Bitstamp:BTCUSD,70202.0,71596.0,68768.0,69490.0,2717.47179295
Bitstamp:BTCUSD,69468.0,69887.0,69015.0,69330.0,1034.39045615
Bitstamp:BTCUSD,69339.0,69354.0,67459.0,68738.0,1915.43560844
Bitstamp:BTCUSD,68738.0,69444.0,66798.0,67818.0,2538.34080221
Bitstamp:BTCUSD,67817.0,70538.0,67443.0,69386.0,2370.70518293
Bitstamp:BTCUSD,69396.0,76481.0,69284.0,75637.0,7732.00129394
Bitstamp:BTCUSD,75638.0,76990.0,74479.0,75921.0,3265.43357289
Bitstamp:BTCUSD,75918.0,77270.0,75665.0,76561.0,2466.52573117
Bitstamp:BTCUSD,76560.0,76941.0,75648.0,76722.0,837.82745419
Bitstamp:BTCUSD,76707.0,81482.0,76554.0,80425.0,2739.76560525
Bitstamp:BTCUSD,80426.0,89643.0,80280.0,88770.0,6695.15671543
Bitstamp:BTCUSD,88771.0,90243.0,85121.0,88031.0,8037.51453432
Bitstamp:BTCUSD,88038.0,93483.0,86263.0,90521.0,7338.0297277
Bitstamp:BTCUSD,90498.0,91804.0,86685.0,87333.0,3805.7616409
Bitstamp:BTCUSD,87298.0,91909.0,87119.0,91070.0,4491.15106913
Bitstamp:BTCUSD,91069.0,91778.0,90100.0,90608.0,1538.87717754
Bitstamp:BTCUSD,90643.0,91429.0,88709.0,89861.0,2016.09767635
Bitstamp:BTCUSD,89865.0,92624.0,89392.0,90512.0,4276.18821636
Bitstamp:BTCUSD,90514.0,94057.0,90407.0,92424.0,3884.88262437
Bitstamp:BTCUSD,92434.0,94942.0,91407.0,94373.0,9293.97029198
Bitstamp:BTCUSD,94374.0,99121.0,94106.0,98451.0,7280.76958238
Bitstamp:BTCUSD,98451.0,99800.0,97236.0,99013.0,4646.09454486
Bitstamp:BTCUSD,99010.0,99015.0,97226.0,97775.0,1719.12474462
Bitstamp:BTCUSD,97765.0,98660.0,95796.0,98007.0,1814.0075721
Bitstamp:BTCUSD,98021.0,98966.0,92584.0,93035.0,2969.54841533
Bitstamp:BTCUSD,93006.0,94999.0,90742.0,91928.0,3575.09743077
Bitstamp:BTCUSD,91929.0,97353.0,91760.0,95978.0,2999.13415798
Bitstamp:BTCUSD,95945.0,96658.0,94670.0,95661.0,2070.2707683
Bitstamp:BTCUSD,95670.0,98745.0,95410.0,97512.0,2410.84197795
Bitstamp:BTCUSD,97510.0,97510.0,96112.0,96441.0,646.22078077
Bitstamp:BTCUSD,96471.0,97880.0,95758.0,97291.0,884.6556605
Bitstamp:BTCUSD,97260.0,98200.0,94403.0,95859.0,3225.0210163
Bitstamp:BTCUSD,95858.0,96301.0,93590.0,95926.0,3484.90912488
Bitstamp:BTCUSD,95926.0,99250.0,94661.0,98773.0,4309.94473587
Bitstamp:BTCUSD,98751.0,103647.0,92092.0,97057.0,7453.98918089
Bitstamp:BTCUSD,96968.0,102098.0,96463.0,99898.0,2613.21105227
Bitstamp:BTCUSD,99898.0,100575.0,99121.0,99929.0,587.87674509
Bitstamp:BTCUSD,99969.0,101407.0,98752.0,101204.0,1073.40867987
Bitstamp:BTCUSD,101188.0,101271.0,94249.0,97468.0,2470.81616248
Bitstamp:BTCUSD,97318.0,98300.0,94306.0,96648.0,2092.51836763
Bitstamp:BTCUSD,96658.0,101961.0,95725.0,101201.0,2197.13070716
Bitstamp:BTCUSD,101238.0,102582.0,99309.0,100068.0,1393.19342191
Bitstamp:BTCUSD,99998.0,101918.0,99250.0,101435.0,1030.49421453
Bitstamp:BTCUSD,101433.0,102643.0,100643.0,101382.0,566.5366089
Bitstamp:BTCUSD,101408.0,105149.0,101243.0,104427.0,1369.98798554
Bitstamp:BTCUSD,104476.0,107821.0,103322.0,106073.0,2171.77263705
Bitstamp:BTCUSD,106109.0,108364.0,105363.0,106187.0,1405.93900566
Bitstamp:BTCUSD,106214.0,106523.0,99997.0,100153.0,2557.28814854
Bitstamp:BTCUSD,100133.0,102747.0,95537.0,97375.0,3425.5015449
Bitstamp:BTCUSD,97416.0,98123.0,92118.0,97760.0,2706.24143724
Bitstamp:BTCUSD,97745.0,99514.0,96399.0,97211.0,1740.04323929
Bitstamp:BTCUSD,97245.0,97376.0,94200.0,95098.0,2075.50874332
Bitstamp:BTCUSD,95100.0,96420.0,92389.0,94750.0,2428.58076472
Bitstamp:BTCUSD,94750.0,99419.0,93461.0,98596.0,1444.53568991
Bitstamp:BTCUSD,98637.0,99478.0,97576.0,99374.0,849.51224828
Bitstamp:BTCUSD,99357.0,99881.0,95111.0,95687.0,1501.36776618
Bitstamp:BTCUSD,95666.0,97337.0,93282.0,94168.0,2416.24232245
Bitstamp:BTCUSD,94159.0,95529.0,94026.0,95139.0,839.50518103
Bitstamp:BTCUSD,95119.0,95124.0,92868.0,93557.0,851.79895794
Bitstamp:BTCUSD,93564.0,94891.0,91315.0,92628.0,1841.04308392
Bitstamp:BTCUSD,92637.0,96117.0,91900.0,93381.0,1128.82793677
Bitstamp:BTCUSD,93347.0,94951.0,92768.0,94388.0,777.13942547
Bitstamp:BTCUSD,94380.0,97745.0,94205.0,96907.0,1219.19370744
Bitstamp:BTCUSD,96895.0,98951.0,96042.0,98133.0,1159.41909795
Bitstamp:BTCUSD,98133.0,98753.0,97540.0,98209.0,445.49130336
Bitstamp:BTCUSD,98218.0,98799.0,97277.0,98327.0,454.72019157
Bitstamp:BTCUSD,98389.0,102514.0,97919.0,102280.0,1742.61289193
Bitstamp:BTCUSD,102278.0,102760.0,96130.0,96946.0,1490.59996722
Bitstamp:BTCUSD,96922.0,97248.0,92502.0,95065.0,2081.0446275
Bitstamp:BTCUSD,95034.0,95333.0,91215.0,92542.0,1877.80058869
Bitstamp:BTCUSD,92545.0,95797.0,92227.0,94702.0,1798.96999215
Bitstamp:BTCUSD,94702.0,94975.0,93843.0,94568.0,639.87740098
Bitstamp:BTCUSD,94573.0,95363.0,93685.0,94497.0,570.97876662
Bitstamp:BTCUSD,94498.0,95846.0,89164.0,94505.0,2125.86232734
Bitstamp:BTCUSD,94537.0,97339.0,94345.0,96523.0,1477.80944326
Bitstamp:BTCUSD,96560.0,100715.0,96474.0,100512.0,1811.81706595
Bitstamp:BTCUSD,100512.0,100860.0,97319.0,99975.0,1817.77460574
Bitstamp:BTCUSD,99975.0,105932.0,99944.0,104119.0,3087.39708067
Bitstamp:BTCUSD,104119.0,104909.0,102238.0,104436.0,1306.42802809
Bitstamp:BTCUSD,104432.0,106294.0,99528.0,101237.0,2602.44233467
Bitstamp:BTCUSD,101191.0,109356.0,99462.0,102141.0,3921.86906882
Bitstamp:BTCUSD,102155.0,107265.0,100087.0,106149.0,3058.41033426
Bitstamp:BTCUSD,106149.0,106370.0,103322.0,103632.0,1713.55368827
Bitstamp:BTCUSD,103659.0,106848.0,101233.0,103933.0,3790.5473417
Bitstamp:BTCUSD,103922.0,107149.0,102754.0,104855.0,1725.18334285
Bitstamp:BTCUSD,104855.0,105237.0,104126.0,104738.0,736.35715531
Bitstamp:BTCUSD,104741.0,105424.0,102450.0,102573.0,798.34131897
Bitstamp:BTCUSD,102573.0,103186.0,97750.0,102090.0,3210.02625421
Bitstamp:BTCUSD,102065.0,103745.0,100225.0,101292.0,1721.62793117
Bitstamp:BTCUSD,101291.0,102953.0,101288.0,102194.0,685.41895135
